date,google_trends,topic
2023-12-31,100.0,economy
2024-01-01,88.57142857142857,economy
2024-01-02,77.14285714285714,economy
2024-01-03,65.71428571428572,economy
2024-01-04,54.285714285714285,economy
2024-01-05,42.857142857142854,economy
2024-01-06,31.42857142857143,economy
2024-01-07,20.0,economy
2024-01-08,20.142857142857142,economy
2024-01-09,20.285714285714285,economy
2024-01-10,20.428571428571427,economy
2024-01-11,20.571428571428573,economy
2024-01-12,20.714285714285715,economy
2024-01-13,20.857142857142858,economy
2024-01-14,21.0,economy
2024-01-15,20.714285714285715,economy
2024-01-16,20.428571428571427,economy
2024-01-17,20.142857142857142,economy
2024-01-18,19.857142857142858,economy
2024-01-19,19.571428571428573,economy
2024-01-20,19.285714285714285,economy
2024-01-21,19.0,economy
2024-01-22,19.714285714285715,economy
2024-01-23,20.428571428571427,economy
2024-01-24,21.142857142857142,economy
2024-01-25,21.857142857142858,economy
2024-01-26,22.571428571428573,economy
2024-01-27,23.285714285714285,economy
2024-01-28,24.0,economy
2024-01-29,26.571428571428573,economy
2024-01-30,29.142857142857142,economy
2024-01-31,31.714285714285715,economy
2024-02-01,34.285714285714285,economy
2024-02-02,36.85714285714286,economy
2024-02-03,39.42857142857143,economy
2024-02-04,42.0,economy
2024-02-05,39.0,economy
2024-02-06,36.0,economy
2024-02-07,33.0,economy
2024-02-08,30.0,economy
2024-02-09,27.0,economy
2024-02-10,24.0,economy
2024-02-11,21.0,economy
2024-02-12,20.428571428571427,economy
2024-02-13,19.857142857142858,economy
2024-02-14,19.285714285714285,economy
2024-02-15,18.714285714285715,economy
2024-02-16,18.142857142857142,economy
2024-02-17,17.571428571428573,economy
2024-02-18,17.0,economy
2024-02-19,17.857142857142858,economy
2024-02-20,18.714285714285715,economy
2024-02-21,19.57142857142857,economy
2024-02-22,20.428571428571427,economy
2024-02-23,21.285714285714285,economy
2024-02-24,22.142857142857142,economy
2024-02-25,23.0,economy
2024-02-26,28.0,economy
2024-02-27,33.0,economy
2024-02-28,38.0,economy
2024-02-29,43.0,economy
2024-03-01,48.0,economy
2024-03-02,53.0,economy
2024-03-03,58.0,economy
2024-03-04,53.42857142857143,economy
2024-03-05,48.85714285714286,economy
2024-03-06,44.285714285714285,economy
2024-03-07,39.714285714285715,economy
2024-03-08,35.142857142857146,economy
2024-03-09,30.571428571428573,economy
2024-03-10,26.0,economy
2024-03-11,25.857142857142858,economy
2024-03-12,25.714285714285715,economy
2024-03-13,25.571428571428573,economy
2024-03-14,25.428571428571427,economy
2024-03-15,25.285714285714285,economy
2024-03-16,25.142857142857142,economy
2024-03-17,25.0,economy
2024-03-18,25.285714285714285,economy
2024-03-19,25.571428571428573,economy
2024-03-20,25.857142857142858,economy
2024-03-21,26.142857142857142,economy
2024-03-22,26.428571428571427,economy
2024-03-23,26.714285714285715,economy
2024-03-24,27.0,economy
2024-03-25,32.285714285714285,economy
2024-03-26,37.57142857142857,economy
2024-03-27,42.85714285714286,economy
2024-03-28,48.14285714285714,economy
2024-03-29,53.42857142857143,economy
2024-03-30,58.714285714285715,economy
2024-03-31,64.0,economy
2024-04-01,58.142857142857146,economy
2024-04-02,52.285714285714285,economy
2024-04-03,46.42857142857143,economy
2024-04-04,40.57142857142857,economy
2024-04-05,34.714285714285715,economy
2024-04-06,28.85714285714286,economy
2024-04-07,23.0,economy
2024-04-08,24.0,economy
2024-04-09,25.0,economy
2024-04-10,26.0,economy
2024-04-11,27.0,economy
2024-04-12,28.0,economy
2024-04-13,29.0,economy
2024-04-14,30.0,economy
2024-04-15,29.714285714285715,economy
2024-04-16,29.428571428571427,economy
2024-04-17,29.142857142857142,economy
2024-04-18,28.857142857142858,economy
2024-04-19,28.571428571428573,economy
2024-04-20,28.285714285714285,economy
2024-04-21,28.0,economy
2024-04-22,35.0,economy
2024-04-23,42.0,economy
2024-04-24,49.0,economy
2024-04-25,56.0,economy
2024-04-26,63.0,economy
2024-04-27,70.0,economy
2024-04-28,77.0,economy
2024-04-29,70.57142857142857,economy
2024-04-30,64.14285714285714,economy
2024-05-01,57.714285714285715,economy
2024-05-02,51.285714285714285,economy
2024-05-03,44.857142857142854,economy
2024-05-04,38.42857142857143,economy
2024-05-05,32.0,economy
2024-05-06,31.285714285714285,economy
2024-05-07,30.571428571428573,economy
2024-05-08,29.857142857142858,economy
2024-05-09,29.142857142857142,economy
2024-05-10,28.428571428571427,economy
2024-05-11,27.714285714285715,economy
2024-05-12,27.0,economy
2024-05-13,26.0,economy
2024-05-14,25.0,economy
2024-05-15,24.0,economy
2024-05-16,23.0,economy
2024-05-17,22.0,economy
2024-05-18,21.0,economy
2024-05-19,20.0,economy
2024-05-20,20.857142857142858,economy
2024-05-21,21.714285714285715,economy
2024-05-22,22.57142857142857,economy
2024-05-23,23.428571428571427,economy
2024-05-24,24.285714285714285,economy
2024-05-25,25.142857142857142,economy
2024-05-26,26.0,economy
2024-05-27,32.285714285714285,economy
2024-05-28,38.57142857142857,economy
2024-05-29,44.85714285714286,economy
2024-05-30,51.14285714285714,economy
2024-05-31,57.42857142857143,economy
2024-06-01,63.714285714285715,economy
2024-06-02,70.0,economy
2024-06-03,63.285714285714285,economy
2024-06-04,56.57142857142857,economy
2024-06-05,49.85714285714286,economy
2024-06-06,43.14285714285714,economy
2024-06-07,36.42857142857143,economy
2024-06-08,29.714285714285715,economy
2024-06-09,23.0,economy
2024-06-10,22.142857142857142,economy
2024-06-11,21.285714285714285,economy
2024-06-12,20.42857142857143,economy
2024-06-13,19.571428571428573,economy
2024-06-14,18.714285714285715,economy
2024-06-15,17.857142857142858,economy
2024-06-16,17.0,economy
2024-06-17,18.714285714285715,economy
2024-06-18,20.428571428571427,economy
2024-06-19,22.142857142857142,economy
2024-06-20,23.857142857142858,economy
2024-06-21,25.57142857142857,economy
2024-06-22,27.285714285714285,economy
2024-06-23,29.0,economy
2024-06-24,37.42857142857143,economy
2024-06-25,45.85714285714286,economy
2024-06-26,54.285714285714285,economy
2024-06-27,62.714285714285715,economy
2024-06-28,71.14285714285714,economy
2024-06-29,79.57142857142857,economy
2024-06-30,88.0,economy
2024-07-01,79.0,economy
2024-07-02,70.0,economy
2024-07-03,61.0,economy
2024-07-04,52.0,economy
2024-07-05,43.0,economy
2024-07-06,34.0,economy
2024-07-07,25.0,economy
2024-07-08,23.857142857142858,economy
2024-07-09,22.714285714285715,economy
2024-07-10,21.571428571428573,economy
2024-07-11,20.42857142857143,economy
2024-07-12,19.285714285714285,economy
2024-07-13,18.142857142857142,economy
2024-07-14,17.0,economy
2024-07-15,17.142857142857142,economy
2024-07-16,17.285714285714285,economy
2024-07-17,17.428571428571427,economy
2024-07-18,17.571428571428573,economy
2024-07-19,17.714285714285715,economy
2024-07-20,17.857142857142858,economy
2024-07-21,18.0,economy
2024-07-22,19.0,economy
2024-07-23,20.0,economy
2024-07-24,21.0,economy
2024-07-25,22.0,economy
2024-07-26,23.0,economy
2024-07-27,24.0,economy
2024-07-28,25.0,economy
2024-07-29,29.857142857142858,economy
2024-07-30,34.714285714285715,economy
2024-07-31,39.57142857142857,economy
2024-08-01,44.42857142857143,economy
2024-08-02,49.285714285714285,economy
2024-08-03,54.14285714285714,economy
2024-08-04,59.0,economy
2024-08-05,55.714285714285715,economy
2024-08-06,52.42857142857143,economy
2024-08-07,49.14285714285714,economy
2024-08-08,45.85714285714286,economy
2024-08-09,42.57142857142857,economy
2024-08-10,39.285714285714285,economy
2024-08-11,36.0,economy
2024-08-12,35.57142857142857,economy
2024-08-13,35.142857142857146,economy
2024-08-14,34.714285714285715,economy
2024-08-15,34.285714285714285,economy
2024-08-16,33.857142857142854,economy
2024-08-17,33.42857142857143,economy
2024-08-18,33.0,economy
2024-08-19,31.571428571428573,economy
2024-08-20,30.142857142857142,economy
2024-08-21,28.714285714285715,economy
2024-08-22,27.285714285714285,economy
2024-08-23,25.857142857142858,economy
2024-08-24,24.42857142857143,economy
2024-08-25,23.0,economy
2024-08-26,28.714285714285715,economy
2024-08-27,34.42857142857143,economy
2024-08-28,40.14285714285714,economy
2024-08-29,45.85714285714286,economy
2024-08-30,51.57142857142857,economy
2024-08-31,57.285714285714285,economy
2024-09-01,63.0,economy
2024-09-02,57.42857142857143,economy
2024-09-03,51.85714285714286,economy
2024-09-04,46.285714285714285,economy
2024-09-05,40.714285714285715,economy
2024-09-06,35.142857142857146,economy
2024-09-07,29.57142857142857,economy
2024-09-08,24.0,economy
2024-09-09,22.857142857142858,economy
2024-09-10,21.714285714285715,economy
2024-09-11,20.571428571428573,economy
2024-09-12,19.42857142857143,economy
2024-09-13,18.285714285714285,economy
2024-09-14,17.142857142857142,economy
2024-09-15,16.0,economy
2024-09-16,15.857142857142858,economy
2024-09-17,15.714285714285714,economy
2024-09-18,15.571428571428571,economy
2024-09-19,15.428571428571429,economy
2024-09-20,15.285714285714286,economy
2024-09-21,15.142857142857142,economy
2024-09-22,15.0,economy
2024-09-23,21.142857142857142,economy
2024-09-24,27.285714285714285,economy
2024-09-25,33.42857142857143,economy
2024-09-26,39.57142857142857,economy
2024-09-27,45.714285714285715,economy
2024-09-28,51.85714285714286,economy
2024-09-29,58.0,economy
2024-09-30,52.857142857142854,economy
2024-10-01,47.714285714285715,economy
2024-10-02,42.57142857142857,economy
2024-10-03,37.42857142857143,economy
2024-10-04,32.285714285714285,economy
2024-10-05,27.14285714285714,economy
2024-10-06,22.0,economy
2024-10-07,21.428571428571427,economy
2024-10-08,20.857142857142858,economy
2024-10-09,20.285714285714285,economy
2024-10-10,19.714285714285715,economy
2024-10-11,19.142857142857142,economy
2024-10-12,18.571428571428573,economy
2024-10-13,18.0,economy
2024-10-14,18.0,economy
2024-10-15,18.0,economy
2024-10-16,18.0,economy
2024-10-17,18.0,economy
2024-10-18,18.0,economy
2024-10-19,18.0,economy
2024-10-20,18.0,economy
2024-10-21,18.857142857142858,economy
2024-10-22,19.714285714285715,economy
2024-10-23,20.57142857142857,economy
2024-10-24,21.428571428571427,economy
2024-10-25,22.285714285714285,economy
2024-10-26,23.142857142857142,economy
2024-10-27,24.0,economy
2024-10-28,31.142857142857142,economy
2024-10-29,38.285714285714285,economy
2024-10-30,45.42857142857143,economy
2024-10-31,52.57142857142857,economy
2024-11-01,59.714285714285715,economy
2024-11-02,66.85714285714286,economy
2024-11-03,74.0,economy
2024-11-04,68.57142857142857,economy
2024-11-05,63.14285714285714,economy
2024-11-06,57.714285714285715,economy
2024-11-07,52.285714285714285,economy
2024-11-08,46.857142857142854,economy
2024-11-09,41.42857142857143,economy
2024-11-10,36.0,economy
2024-11-11,34.57142857142857,economy
2024-11-12,33.142857142857146,economy
2024-11-13,31.714285714285715,economy
2024-11-14,30.285714285714285,economy
2024-11-15,28.857142857142858,economy
2024-11-16,27.42857142857143,economy
2024-11-17,26.0,economy
2024-11-18,25.142857142857142,economy
2024-11-19,24.285714285714285,economy
2024-11-20,23.42857142857143,economy
2024-11-21,22.571428571428573,economy
2024-11-22,21.714285714285715,economy
2024-11-23,20.857142857142858,economy
2024-11-24,20.0,economy
2024-11-25,28.285714285714285,economy
2024-11-26,36.57142857142857,economy
2024-11-27,44.85714285714286,economy
2024-11-28,53.142857142857146,economy
2024-11-29,61.42857142857143,economy
2024-11-30,69.71428571428572,economy
2024-12-01,78.0,economy
2024-12-02,70.42857142857143,economy
2024-12-03,62.85714285714286,economy
2024-12-04,55.285714285714285,economy
2024-12-05,47.714285714285715,economy
2024-12-06,40.142857142857146,economy
2024-12-07,32.57142857142857,economy
2024-12-08,25.0,economy
2024-12-09,26.714285714285715,economy
2024-12-10,28.428571428571427,economy
2024-12-11,30.142857142857142,economy
2024-12-12,31.857142857142858,economy
2024-12-13,33.57142857142857,economy
2024-12-14,35.285714285714285,economy
2024-12-15,37.0,economy
2024-12-16,38.857142857142854,economy
2024-12-17,40.714285714285715,economy
2024-12-18,42.57142857142857,economy
2024-12-19,44.42857142857143,economy
2024-12-20,46.285714285714285,economy
2024-12-21,48.14285714285714,economy
2024-12-22,50.0,economy
2024-12-23,55.142857142857146,economy
2024-12-24,60.285714285714285,economy
2024-12-25,65.42857142857143,economy
2024-12-26,70.57142857142857,economy
2024-12-27,75.71428571428572,economy
2024-12-28,80.85714285714286,economy
2024-12-29,86.0,economy
2024-12-30,77.28571428571429,economy
2024-12-31,68.57142857142857,economy
2025-01-01,59.85714285714286,economy
2025-01-02,51.142857142857146,economy
2025-01-03,42.42857142857143,economy
2025-01-04,33.71428571428572,economy
2025-01-05,25.0,economy
2025-01-06,24.428571428571427,economy
2025-01-07,23.857142857142858,economy
2025-01-08,23.285714285714285,economy
2025-01-09,22.714285714285715,economy
2025-01-10,22.142857142857142,economy
2025-01-11,21.571428571428573,economy
2025-01-12,21.0,economy
2025-01-13,20.428571428571427,economy
2025-01-14,19.857142857142858,economy
2025-01-15,19.285714285714285,economy
2025-01-16,18.714285714285715,economy
2025-01-17,18.142857142857142,economy
2025-01-18,17.571428571428573,economy
2025-01-19,17.0,economy
2025-01-20,17.571428571428573,economy
2025-01-21,18.142857142857142,economy
2025-01-22,18.714285714285715,economy
2025-01-23,19.285714285714285,economy
2025-01-24,19.857142857142858,economy
2025-01-25,20.428571428571427,economy
2025-01-26,21.0,economy
2025-01-27,24.571428571428573,economy
2025-01-28,28.142857142857142,economy
2025-01-29,31.714285714285715,economy
2025-01-30,35.285714285714285,economy
2025-01-31,38.85714285714286,economy
2025-02-01,42.42857142857143,economy
2025-02-02,46.0,economy
2025-02-03,42.142857142857146,economy
2025-02-04,38.285714285714285,economy
2025-02-05,34.42857142857143,economy
2025-02-06,30.57142857142857,economy
2025-02-07,26.714285714285715,economy
2025-02-08,22.857142857142858,economy
2025-02-09,19.0,economy
2025-02-10,18.571428571428573,economy
2025-02-11,18.142857142857142,economy
2025-02-12,17.714285714285715,economy
2025-02-13,17.285714285714285,economy
2025-02-14,16.857142857142858,economy
2025-02-15,16.42857142857143,economy
2025-02-16,16.0,economy
2025-02-17,16.428571428571427,economy
2025-02-18,16.857142857142858,economy
2025-02-19,17.285714285714285,economy
2025-02-20,17.714285714285715,economy
2025-02-21,18.142857142857142,economy
2025-02-22,18.57142857142857,economy
2025-02-23,19.0,economy
2025-02-24,23.857142857142858,economy
2025-02-25,28.714285714285715,economy
2025-02-26,33.57142857142857,economy
2025-02-27,38.42857142857143,economy
2025-02-28,43.285714285714285,economy
2025-03-01,48.14285714285714,economy
2025-03-02,53.0,economy
2025-03-03,48.285714285714285,economy
2025-03-04,43.57142857142857,economy
2025-03-05,38.85714285714286,economy
2025-03-06,34.14285714285714,economy
2025-03-07,29.428571428571427,economy
2025-03-08,24.714285714285715,economy
2025-03-09,20.0,economy
2025-03-10,19.571428571428573,economy
2025-03-11,19.142857142857142,economy
2025-03-12,18.714285714285715,economy
2025-03-13,18.285714285714285,economy
2025-03-14,17.857142857142858,economy
2025-03-15,17.42857142857143,economy
2025-03-16,17.0,economy
2025-03-17,17.0,economy
2025-03-18,17.0,economy
2025-03-19,17.0,economy
2025-03-20,17.0,economy
2025-03-21,17.0,economy
2025-03-22,17.0,economy
2025-03-23,17.0,economy
2025-03-24,23.142857142857142,economy
2025-03-25,29.285714285714285,economy
2025-03-26,35.42857142857143,economy
2025-03-27,41.57142857142857,economy
2025-03-28,47.714285714285715,economy
2025-03-29,53.85714285714286,economy
2025-03-30,60.0,economy
2025-03-31,54.857142857142854,economy
2025-04-01,49.714285714285715,economy
2025-04-02,44.57142857142857,economy
2025-04-03,39.42857142857143,economy
2025-04-04,34.285714285714285,economy
2025-04-05,29.14285714285714,economy
2025-04-06,24.0,economy
2025-04-07,24.0,economy
2025-04-08,24.0,economy
2025-04-09,24.0,economy
2025-04-10,24.0,economy
2025-04-11,24.0,economy
2025-04-12,24.0,economy
2025-04-13,24.0,economy
2025-04-14,23.428571428571427,economy
2025-04-15,22.857142857142858,economy
2025-04-16,22.285714285714285,economy
2025-04-17,21.714285714285715,economy
2025-04-18,21.142857142857142,economy
2025-04-19,20.571428571428573,economy
2025-04-20,20.0,economy
2025-04-21,21.857142857142858,economy
2025-04-22,23.714285714285715,economy
2025-04-23,25.57142857142857,economy
2025-04-24,27.42857142857143,economy
2025-04-25,29.285714285714285,economy
2025-04-26,31.142857142857142,economy
2025-04-27,33.0,economy
2025-04-28,36.142857142857146,economy
2025-04-29,39.285714285714285,economy
2025-04-30,42.42857142857143,economy
2025-05-01,45.57142857142857,economy
2025-05-02,48.714285714285715,economy
2025-05-03,51.85714285714286,economy
2025-05-04,55.0,economy
2025-05-05,50.142857142857146,economy
2025-05-06,45.285714285714285,economy
2025-05-07,40.42857142857143,economy
2025-05-08,35.57142857142857,economy
2025-05-09,30.714285714285715,economy
2025-05-10,25.85714285714286,economy
2025-05-11,21.0,economy
2025-05-12,20.857142857142858,economy
2025-05-13,20.714285714285715,economy
2025-05-14,20.571428571428573,economy
2025-05-15,20.428571428571427,economy
2025-05-16,20.285714285714285,economy
2025-05-17,20.142857142857142,economy
2025-05-18,20.0,economy
2025-05-19,20.142857142857142,economy
2025-05-20,20.285714285714285,economy
2025-05-21,20.428571428571427,economy
2025-05-22,20.571428571428573,economy
2025-05-23,20.714285714285715,economy
2025-05-24,20.857142857142858,economy
2025-05-25,21.0,economy
2025-05-26,28.42857142857143,economy
2025-05-27,35.85714285714286,economy
2025-05-28,43.285714285714285,economy
2025-05-29,50.714285714285715,economy
2025-05-30,58.142857142857146,economy
2025-05-31,65.57142857142857,economy
2025-06-01,73.0,economy
2025-06-02,66.0,economy
2025-06-03,59.0,economy
2025-06-04,52.0,economy
2025-06-05,45.0,economy
2025-06-06,38.0,economy
2025-06-07,31.0,economy
2025-06-08,24.0,economy
2025-06-09,23.857142857142858,economy
2025-06-10,23.714285714285715,economy
2025-06-11,23.571428571428573,economy
2025-06-12,23.428571428571427,economy
2025-06-13,23.285714285714285,economy
2025-06-14,23.142857142857142,economy
2025-06-15,23.0,economy
2025-06-16,23.714285714285715,economy
2025-06-17,24.428571428571427,economy
2025-06-18,25.142857142857142,economy
2025-06-19,25.857142857142858,economy
2025-06-20,26.571428571428573,economy
2025-06-21,27.285714285714285,economy
2025-06-22,28.0,economy
2025-06-23,38.285714285714285,economy
2025-06-24,48.57142857142857,economy
2025-06-25,58.85714285714286,economy
2025-06-26,69.14285714285714,economy
2025-06-27,79.42857142857143,economy
2025-06-28,89.71428571428572,economy
2025-06-29,100.0,economy
2025-06-30,87.71428571428571,economy
2025-07-01,75.42857142857143,economy
2025-07-02,63.14285714285714,economy
2025-07-03,50.857142857142854,economy
2025-07-04,38.57142857142857,economy
2025-07-05,26.285714285714278,economy
2025-07-06,14.0,economy
2025-07-07,14.857142857142858,economy
2025-07-08,15.714285714285714,economy
2025-07-09,16.57142857142857,economy
2025-07-10,17.428571428571427,economy
2025-07-11,18.285714285714285,economy
2025-07-12,19.142857142857142,economy
2025-07-13,20.0,economy
2025-07-14,19.142857142857142,economy
2025-07-15,18.285714285714285,economy
2025-07-16,17.42857142857143,economy
2025-07-17,16.571428571428573,economy
2025-07-18,15.714285714285715,economy
2025-07-19,14.857142857142858,economy
2025-07-20,14.0,economy
2025-07-21,14.285714285714286,economy
2025-07-22,14.571428571428571,economy
2025-07-23,14.857142857142858,economy
2025-07-24,15.142857142857142,economy
2025-07-25,15.428571428571429,economy
2025-07-26,15.714285714285714,economy
2025-07-27,16.0,economy
2025-07-28,18.428571428571427,economy
2025-07-29,20.857142857142858,economy
2025-07-30,23.285714285714285,economy
2025-07-31,25.714285714285715,economy
2025-08-01,28.142857142857142,economy
2025-08-02,30.57142857142857,economy
2025-08-03,33.0,economy
2025-08-04,30.714285714285715,economy
2025-08-05,28.42857142857143,economy
2025-08-06,26.142857142857142,economy
2025-08-07,23.857142857142858,economy
2025-08-08,21.571428571428573,economy
2025-08-09,19.285714285714285,economy
2025-08-10,17.0,economy
2025-08-11,16.571428571428573,economy
2025-08-12,16.142857142857142,economy
2025-08-13,15.714285714285715,economy
2025-08-14,15.285714285714286,economy
2025-08-15,14.857142857142858,economy
2025-08-16,14.428571428571429,economy
2025-08-17,14.0,economy
2025-08-18,14.857142857142858,economy
2025-08-19,15.714285714285714,economy
2025-08-20,16.57142857142857,economy
2025-08-21,17.428571428571427,economy
2025-08-22,18.285714285714285,economy
2025-08-23,19.142857142857142,economy
2025-08-24,20.0,economy
2025-08-25,23.571428571428573,economy
2025-08-26,27.142857142857142,economy
2025-08-27,30.714285714285715,economy
2025-08-28,34.285714285714285,economy
2025-08-29,37.85714285714286,economy
2025-08-30,41.42857142857143,economy
2025-08-31,45.0,economy
2025-09-01,40.714285714285715,economy
2025-09-02,36.42857142857143,economy
2025-09-03,32.14285714285714,economy
2025-09-04,27.857142857142858,economy
2025-09-05,23.571428571428573,economy
2025-09-06,19.285714285714285,economy
2025-09-07,15.0,economy
2025-09-08,14.571428571428571,economy
2025-09-09,14.142857142857142,economy
2025-09-10,13.714285714285715,economy
2025-09-11,13.285714285714286,economy
2025-09-12,12.857142857142858,economy
2025-09-13,12.428571428571429,economy
2025-09-14,12.0,economy
2025-09-15,12.0,economy
2025-09-16,12.0,economy
2025-09-17,12.0,economy
2025-09-18,12.0,economy
2025-09-19,12.0,economy
2025-09-20,12.0,economy
2025-09-21,12.0,economy
2025-09-22,17.42857142857143,economy
2025-09-23,22.857142857142858,economy
2025-09-24,28.285714285714285,economy
2025-09-25,33.714285714285715,economy
2025-09-26,39.142857142857146,economy
2025-09-27,44.57142857142857,economy
2025-09-28,50.0,economy
2025-09-29,45.714285714285715,economy
2025-09-30,41.42857142857143,economy
2025-10-01,37.14285714285714,economy
2025-10-02,32.85714285714286,economy
2025-10-03,28.571428571428573,economy
2025-10-04,24.285714285714285,economy
2025-10-05,20.0,economy
2025-10-06,19.571428571428573,economy
2025-10-07,19.142857142857142,economy
2025-10-08,18.714285714285715,economy
2025-10-09,18.285714285714285,economy
2025-10-10,17.857142857142858,economy
2025-10-11,17.42857142857143,economy
2025-10-12,17.0,economy
2025-10-13,17.285714285714285,economy
2025-10-14,17.571428571428573,economy
2025-10-15,17.857142857142858,economy
2025-10-16,18.142857142857142,economy
2025-10-17,18.428571428571427,economy
2025-10-18,18.714285714285715,economy
2025-10-19,19.0,economy
2025-10-20,19.285714285714285,economy
2025-10-21,19.571428571428573,economy
2025-10-22,19.857142857142858,economy
2025-10-23,20.142857142857142,economy
2025-10-24,20.428571428571427,economy
2025-10-25,20.714285714285715,economy
2025-10-26,21.0,economy
2025-10-27,27.0,economy
2025-10-28,33.0,economy
2025-10-29,39.0,economy
2025-10-30,45.0,economy
2025-10-31,51.0,economy
2025-11-01,57.0,economy
2025-11-02,63.0,economy
2025-11-03,56.57142857142857,economy
2025-11-04,50.14285714285714,economy
2025-11-05,43.714285714285715,economy
2025-11-06,37.285714285714285,economy
2025-11-07,30.857142857142854,economy
2025-11-08,24.42857142857143,economy
2025-11-09,18.0,economy
2025-11-10,18.0,economy
2025-11-11,18.0,economy
2025-11-12,18.0,economy
2025-11-13,18.0,economy
2025-11-14,18.0,economy
2025-11-15,18.0,economy
2025-11-16,18.0,economy
2025-11-17,18.428571428571427,economy
2025-11-18,18.857142857142858,economy
2025-11-19,19.285714285714285,economy
2025-11-20,19.714285714285715,economy
2025-11-21,20.142857142857142,economy
2025-11-22,20.57142857142857,economy
2025-11-23,21.0,economy
2025-11-24,29.0,economy
2025-11-25,37.0,economy
2025-11-26,45.0,economy
2025-11-27,53.0,economy
2025-11-28,61.0,economy
2025-11-29,69.0,economy
2025-11-30,77.0,economy
2025-12-01,69.57142857142857,economy
2025-12-02,62.14285714285714,economy
2025-12-03,54.714285714285715,economy
2025-12-04,47.285714285714285,economy
2025-12-05,39.857142857142854,economy
2025-12-06,32.42857142857143,economy
2025-12-07,25.0,economy
2025-12-08,24.428571428571427,economy
2025-12-09,23.857142857142858,economy
2025-12-10,23.285714285714285,economy
2025-12-11,22.714285714285715,economy
2025-12-12,22.142857142857142,economy
2025-12-13,21.571428571428573,economy
2025-12-14,21.0,economy
2025-12-15,22.571428571428573,economy
2025-12-16,24.142857142857142,economy
2025-12-17,25.714285714285715,economy
2025-12-18,27.285714285714285,economy
2025-12-19,28.857142857142858,economy
2025-12-20,30.42857142857143,economy
2025-12-21,32.0,economy
2025-12-22,32.142857142857146,economy
2025-12-23,32.285714285714285,economy
2025-12-24,32.42857142857143,economy
2025-12-25,32.57142857142857,economy
2025-12-26,32.714285714285715,economy
2025-12-27,32.857142857142854,economy
2025-12-28,33.0,economy
2025-12-29,37.142857142857146,economy
2025-12-30,41.285714285714285,economy
2025-12-31,45.42857142857143,economy
2026-01-01,49.57142857142857,economy
2026-01-02,53.714285714285715,economy
2026-01-03,57.85714285714286,economy
2026-01-04,62.0,economy
2026-01-05,55.42857142857143,economy
2026-01-06,48.85714285714286,economy
2026-01-07,42.285714285714285,economy
2026-01-08,35.714285714285715,economy
2026-01-09,29.142857142857146,economy
2026-01-10,22.57142857142857,economy
2026-01-11,16.0,economy
2026-01-12,15.571428571428571,economy
2026-01-13,15.142857142857142,economy
2026-01-14,14.714285714285715,economy
2026-01-15,14.285714285714286,economy
2026-01-16,13.857142857142858,economy
2026-01-17,13.428571428571429,economy
2026-01-18,13.0,economy
2026-01-19,13.428571428571429,economy
2026-01-20,13.857142857142858,economy
2026-01-21,14.285714285714285,economy
2026-01-22,14.714285714285714,economy
2026-01-23,15.142857142857142,economy
2026-01-24,15.571428571428571,economy
2026-01-25,16.0,economy
2026-01-26,19.0,economy
2026-01-27,22.0,economy
2026-01-28,25.0,economy
2026-01-29,28.0,economy
2026-01-30,31.0,economy
2026-01-31,34.0,economy
2026-02-01,37.0,economy
2026-02-02,34.0,economy
2026-02-03,31.0,economy
2026-02-04,28.0,economy
2026-02-05,25.0,economy
2026-02-06,22.0,economy
2026-02-07,19.0,economy
2026-02-08,16.0,economy
2026-02-09,15.142857142857142,economy
2026-02-10,14.285714285714286,economy
2026-02-11,13.428571428571429,economy
2026-02-12,12.571428571428571,economy
2026-02-13,11.714285714285715,economy
2026-02-14,10.857142857142858,economy
2026-02-15,10.0,economy
2026-02-16,10.142857142857142,economy
2026-02-17,10.285714285714286,economy
2026-02-18,10.428571428571429,economy
2026-02-19,10.571428571428571,economy
2026-02-20,10.714285714285714,economy
2026-02-21,10.857142857142858,economy
2026-02-22,11.0,economy
2026-02-23,15.0,economy
2026-02-24,19.0,economy
2026-02-25,23.0,economy
2026-02-26,27.0,economy
2026-02-27,31.0,economy
2026-02-28,35.0,economy
2026-03-01,39.0,economy
2026-03-02,35.142857142857146,economy
2026-03-03,31.285714285714285,economy
2026-03-04,27.42857142857143,economy
2026-03-05,23.57142857142857,economy
2026-03-06,19.714285714285715,economy
2026-03-07,15.857142857142858,economy
2026-03-08,12.0,economy
2026-03-09,11.857142857142858,economy
2026-03-10,11.714285714285714,economy
2026-03-11,11.571428571428571,economy
2026-03-12,11.428571428571429,economy
2026-03-13,11.285714285714286,economy
2026-03-14,11.142857142857142,economy
2026-03-15,11.0,economy
2026-03-16,11.857142857142858,economy
2026-03-17,12.714285714285714,economy
2026-03-18,13.571428571428571,economy
2026-03-19,14.428571428571429,economy
2026-03-20,15.285714285714285,economy
2026-03-21,16.142857142857142,economy
2026-03-22,17.0,economy
2026-03-23,23.142857142857142,economy
2026-03-24,29.285714285714285,economy
2026-03-25,35.42857142857143,economy
2026-03-26,41.57142857142857,economy
2026-03-27,47.714285714285715,economy
2026-03-28,53.85714285714286,economy
2026-03-29,60.0,economy
2023-12-31,1.0,politics
2024-01-01,1.0,politics
2024-01-02,1.0,politics
2024-01-03,1.0,politics
2024-01-04,1.0,politics
2024-01-05,1.0,politics
2024-01-06,1.0,politics
2024-01-07,1.0,politics
2024-01-08,1.0,politics
2024-01-09,1.0,politics
2024-01-10,1.0,politics
2024-01-11,1.0,politics
2024-01-12,1.0,politics
2024-01-13,1.0,politics
2024-01-14,1.0,politics
2024-01-15,1.0,politics
2024-01-16,1.0,politics
2024-01-17,1.0,politics
2024-01-18,1.0,politics
2024-01-19,1.0,politics
2024-01-20,1.0,politics
2024-01-21,1.0,politics
2024-01-22,1.1428571428571428,politics
2024-01-23,1.2857142857142856,politics
2024-01-24,1.4285714285714286,politics
2024-01-25,1.5714285714285714,politics
2024-01-26,1.7142857142857142,politics
2024-01-27,1.8571428571428572,politics
2024-01-28,2.0,politics
2024-01-29,2.0,politics
2024-01-30,2.0,politics
2024-01-31,2.0,politics
2024-02-01,2.0,politics
2024-02-02,2.0,politics
2024-02-03,2.0,politics
2024-02-04,2.0,politics
2024-02-05,2.0,politics
2024-02-06,2.0,politics
2024-02-07,2.0,politics
2024-02-08,2.0,politics
2024-02-09,2.0,politics
2024-02-10,2.0,politics
2024-02-11,2.0,politics
2024-02-12,2.0,politics
2024-02-13,2.0,politics
2024-02-14,2.0,politics
2024-02-15,2.0,politics
2024-02-16,2.0,politics
2024-02-17,2.0,politics
2024-02-18,2.0,politics
2024-02-19,2.0,politics
2024-02-20,2.0,politics
2024-02-21,2.0,politics
2024-02-22,2.0,politics
2024-02-23,2.0,politics
2024-02-24,2.0,politics
2024-02-25,2.0,politics
2024-02-26,2.142857142857143,politics
2024-02-27,2.2857142857142856,politics
2024-02-28,2.4285714285714284,politics
2024-02-29,2.571428571428571,politics
2024-03-01,2.7142857142857144,politics
2024-03-02,2.857142857142857,politics
2024-03-03,3.0,politics
2024-03-04,3.0,politics
2024-03-05,3.0,politics
2024-03-06,3.0,politics
2024-03-07,3.0,politics
2024-03-08,3.0,politics
2024-03-09,3.0,politics
2024-03-10,3.0,politics
2024-03-11,3.0,politics
2024-03-12,3.0,politics
2024-03-13,3.0,politics
2024-03-14,3.0,politics
2024-03-15,3.0,politics
2024-03-16,3.0,politics
2024-03-17,3.0,politics
2024-03-18,3.571428571428571,politics
2024-03-19,4.142857142857142,politics
2024-03-20,4.714285714285714,politics
2024-03-21,5.285714285714286,politics
2024-03-22,5.857142857142857,politics
2024-03-23,6.428571428571429,politics
2024-03-24,7.0,politics
2024-03-25,20.285714285714285,politics
2024-03-26,33.57142857142857,politics
2024-03-27,46.85714285714286,politics
2024-03-28,60.142857142857146,politics
2024-03-29,73.42857142857143,politics
2024-03-30,86.71428571428572,politics
2024-03-31,100.0,politics
2024-04-01,86.57142857142857,politics
2024-04-02,73.14285714285714,politics
2024-04-03,59.714285714285715,politics
2024-04-04,46.285714285714285,politics
2024-04-05,32.85714285714286,politics
2024-04-06,19.42857142857143,politics
2024-04-07,6.0,politics
2024-04-08,5.428571428571429,politics
2024-04-09,4.857142857142858,politics
2024-04-10,4.285714285714286,politics
2024-04-11,3.7142857142857144,politics
2024-04-12,3.1428571428571432,politics
2024-04-13,2.5714285714285716,politics
2024-04-14,2.0,politics
2024-04-15,2.0,politics
2024-04-16,2.0,politics
2024-04-17,2.0,politics
2024-04-18,2.0,politics
2024-04-19,2.0,politics
2024-04-20,2.0,politics
2024-04-21,2.0,politics
2024-04-22,1.8571428571428572,politics
2024-04-23,1.7142857142857144,politics
2024-04-24,1.5714285714285714,politics
2024-04-25,1.4285714285714286,politics
2024-04-26,1.2857142857142858,politics
2024-04-27,1.1428571428571428,politics
2024-04-28,1.0,politics
2024-04-29,1.0,politics
2024-04-30,1.0,politics
2024-05-01,1.0,politics
2024-05-02,1.0,politics
2024-05-03,1.0,politics
2024-05-04,1.0,politics
2024-05-05,1.0,politics
2024-05-06,1.0,politics
2024-05-07,1.0,politics
2024-05-08,1.0,politics
2024-05-09,1.0,politics
2024-05-10,1.0,politics
2024-05-11,1.0,politics
2024-05-12,1.0,politics
2024-05-13,1.0,politics
2024-05-14,1.0,politics
2024-05-15,1.0,politics
2024-05-16,1.0,politics
2024-05-17,1.0,politics
2024-05-18,1.0,politics
2024-05-19,1.0,politics
2024-05-20,1.0,politics
2024-05-21,1.0,politics
2024-05-22,1.0,politics
2024-05-23,1.0,politics
2024-05-24,1.0,politics
2024-05-25,1.0,politics
2024-05-26,1.0,politics
2024-05-27,1.0,politics
2024-05-28,1.0,politics
2024-05-29,1.0,politics
2024-05-30,1.0,politics
2024-05-31,1.0,politics
2024-06-01,1.0,politics
2024-06-02,1.0,politics
2024-06-03,1.0,politics
2024-06-04,1.0,politics
2024-06-05,1.0,politics
2024-06-06,1.0,politics
2024-06-07,1.0,politics
2024-06-08,1.0,politics
2024-06-09,1.0,politics
2024-06-10,0.8571428571428572,politics
2024-06-11,0.7142857142857143,politics
2024-06-12,0.5714285714285714,politics
2024-06-13,0.4285714285714286,politics
2024-06-14,0.2857142857142858,politics
2024-06-15,0.1428571428571429,politics
2024-06-16,0.0,politics
2024-06-17,0.0,politics
2024-06-18,0.0,politics
2024-06-19,0.0,politics
2024-06-20,0.0,politics
2024-06-21,0.0,politics
2024-06-22,0.0,politics
2024-06-23,0.0,politics
2024-06-24,0.14285714285714285,politics
2024-06-25,0.2857142857142857,politics
2024-06-26,0.42857142857142855,politics
2024-06-27,0.5714285714285714,politics
2024-06-28,0.7142857142857142,politics
2024-06-29,0.8571428571428571,politics
2024-06-30,1.0,politics
2024-07-01,1.0,politics
2024-07-02,1.0,politics
2024-07-03,1.0,politics
2024-07-04,1.0,politics
2024-07-05,1.0,politics
2024-07-06,1.0,politics
2024-07-07,1.0,politics
2024-07-08,1.0,politics
2024-07-09,1.0,politics
2024-07-10,1.0,politics
2024-07-11,1.0,politics
2024-07-12,1.0,politics
2024-07-13,1.0,politics
2024-07-14,1.0,politics
2024-07-15,0.8571428571428572,politics
2024-07-16,0.7142857142857143,politics
2024-07-17,0.5714285714285714,politics
2024-07-18,0.4285714285714286,politics
2024-07-19,0.2857142857142858,politics
2024-07-20,0.1428571428571429,politics
2024-07-21,0.0,politics
2024-07-22,0.0,politics
2024-07-23,0.0,politics
2024-07-24,0.0,politics
2024-07-25,0.0,politics
2024-07-26,0.0,politics
2024-07-27,0.0,politics
2024-07-28,0.0,politics
2024-07-29,0.0,politics
2024-07-30,0.0,politics
2024-07-31,0.0,politics
2024-08-01,0.0,politics
2024-08-02,0.0,politics
2024-08-03,0.0,politics
2024-08-04,0.0,politics
2024-08-05,0.0,politics
2024-08-06,0.0,politics
2024-08-07,0.0,politics
2024-08-08,0.0,politics
2024-08-09,0.0,politics
2024-08-10,0.0,politics
2024-08-11,0.0,politics
2024-08-12,0.0,politics
2024-08-13,0.0,politics
2024-08-14,0.0,politics
2024-08-15,0.0,politics
2024-08-16,0.0,politics
2024-08-17,0.0,politics
2024-08-18,0.0,politics
2024-08-19,0.0,politics
2024-08-20,0.0,politics
2024-08-21,0.0,politics
2024-08-22,0.0,politics
2024-08-23,0.0,politics
2024-08-24,0.0,politics
2024-08-25,0.0,politics
2024-08-26,0.0,politics
2024-08-27,0.0,politics
2024-08-28,0.0,politics
2024-08-29,0.0,politics
2024-08-30,0.0,politics
2024-08-31,0.0,politics
2024-09-01,0.0,politics
2024-09-02,0.0,politics
2024-09-03,0.0,politics
2024-09-04,0.0,politics
2024-09-05,0.0,politics
2024-09-06,0.0,politics
2024-09-07,0.0,politics
2024-09-08,0.0,politics
2024-09-09,0.0,politics
2024-09-10,0.0,politics
2024-09-11,0.0,politics
2024-09-12,0.0,politics
2024-09-13,0.0,politics
2024-09-14,0.0,politics
2024-09-15,0.0,politics
2024-09-16,0.0,politics
2024-09-17,0.0,politics
2024-09-18,0.0,politics
2024-09-19,0.0,politics
2024-09-20,0.0,politics
2024-09-21,0.0,politics
2024-09-22,0.0,politics
2024-09-23,1.5714285714285714,politics
2024-09-24,3.142857142857143,politics
2024-09-25,4.714285714285714,politics
2024-09-26,6.285714285714286,politics
2024-09-27,7.857142857142857,politics
2024-09-28,9.428571428571429,politics
2024-09-29,11.0,politics
2024-09-30,11.285714285714286,politics
2024-10-01,11.571428571428571,politics
2024-10-02,11.857142857142858,politics
2024-10-03,12.142857142857142,politics
2024-10-04,12.428571428571429,politics
2024-10-05,12.714285714285714,politics
2024-10-06,13.0,politics
2024-10-07,13.571428571428571,politics
2024-10-08,14.142857142857142,politics
2024-10-09,14.714285714285714,politics
2024-10-10,15.285714285714285,politics
2024-10-11,15.857142857142858,politics
2024-10-12,16.428571428571427,politics
2024-10-13,17.0,politics
2024-10-14,17.285714285714285,politics
2024-10-15,17.571428571428573,politics
2024-10-16,17.857142857142858,politics
2024-10-17,18.142857142857142,politics
2024-10-18,18.428571428571427,politics
2024-10-19,18.714285714285715,politics
2024-10-20,19.0,politics
2024-10-21,18.857142857142858,politics
2024-10-22,18.714285714285715,politics
2024-10-23,18.571428571428573,politics
2024-10-24,18.428571428571427,politics
2024-10-25,18.285714285714285,politics
2024-10-26,18.142857142857142,politics
2024-10-27,18.0,politics
2024-10-28,28.0,politics
2024-10-29,38.0,politics
2024-10-30,48.0,politics
2024-10-31,58.0,politics
2024-11-01,68.0,politics
2024-11-02,78.0,politics
2024-11-03,88.0,politics
2024-11-04,77.42857142857143,politics
2024-11-05,66.85714285714286,politics
2024-11-06,56.285714285714285,politics
2024-11-07,45.714285714285715,politics
2024-11-08,35.142857142857146,politics
2024-11-09,24.57142857142857,politics
2024-11-10,14.0,politics
2024-11-11,13.714285714285714,politics
2024-11-12,13.428571428571429,politics
2024-11-13,13.142857142857142,politics
2024-11-14,12.857142857142858,politics
2024-11-15,12.571428571428571,politics
2024-11-16,12.285714285714286,politics
2024-11-17,12.0,politics
2024-11-18,11.857142857142858,politics
2024-11-19,11.714285714285714,politics
2024-11-20,11.571428571428571,politics
2024-11-21,11.428571428571429,politics
2024-11-22,11.285714285714286,politics
2024-11-23,11.142857142857142,politics
2024-11-24,11.0,politics
2024-11-25,11.0,politics
2024-11-26,11.0,politics
2024-11-27,11.0,politics
2024-11-28,11.0,politics
2024-11-29,11.0,politics
2024-11-30,11.0,politics
2024-12-01,11.0,politics
2024-12-02,10.857142857142858,politics
2024-12-03,10.714285714285714,politics
2024-12-04,10.571428571428571,politics
2024-12-05,10.428571428571429,politics
2024-12-06,10.285714285714286,politics
2024-12-07,10.142857142857142,politics
2024-12-08,10.0,politics
2024-12-09,10.142857142857142,politics
2024-12-10,10.285714285714286,politics
2024-12-11,10.428571428571429,politics
2024-12-12,10.571428571428571,politics
2024-12-13,10.714285714285714,politics
2024-12-14,10.857142857142858,politics
2024-12-15,11.0,politics
2024-12-16,11.142857142857142,politics
2024-12-17,11.285714285714286,politics
2024-12-18,11.428571428571429,politics
2024-12-19,11.571428571428571,politics
2024-12-20,11.714285714285714,politics
2024-12-21,11.857142857142858,politics
2024-12-22,12.0,politics
2024-12-23,12.428571428571429,politics
2024-12-24,12.857142857142858,politics
2024-12-25,13.285714285714285,politics
2024-12-26,13.714285714285714,politics
2024-12-27,14.142857142857142,politics
2024-12-28,14.571428571428571,politics
2024-12-29,15.0,politics
2024-12-30,14.571428571428571,politics
2024-12-31,14.142857142857142,politics
2025-01-01,13.714285714285715,politics
2025-01-02,13.285714285714286,politics
2025-01-03,12.857142857142858,politics
2025-01-04,12.428571428571429,politics
2025-01-05,12.0,politics
2025-01-06,12.142857142857142,politics
2025-01-07,12.285714285714286,politics
2025-01-08,12.428571428571429,politics
2025-01-09,12.571428571428571,politics
2025-01-10,12.714285714285714,politics
2025-01-11,12.857142857142858,politics
2025-01-12,13.0,politics
2025-01-13,13.0,politics
2025-01-14,13.0,politics
2025-01-15,13.0,politics
2025-01-16,13.0,politics
2025-01-17,13.0,politics
2025-01-18,13.0,politics
2025-01-19,13.0,politics
2025-01-20,13.142857142857142,politics
2025-01-21,13.285714285714286,politics
2025-01-22,13.428571428571429,politics
2025-01-23,13.571428571428571,politics
2025-01-24,13.714285714285714,politics
2025-01-25,13.857142857142858,politics
2025-01-26,14.0,politics
2025-01-27,13.857142857142858,politics
2025-01-28,13.714285714285714,politics
2025-01-29,13.571428571428571,politics
2025-01-30,13.428571428571429,politics
2025-01-31,13.285714285714286,politics
2025-02-01,13.142857142857142,politics
2025-02-02,13.0,politics
2025-02-03,13.0,politics
2025-02-04,13.0,politics
2025-02-05,13.0,politics
2025-02-06,13.0,politics
2025-02-07,13.0,politics
2025-02-08,13.0,politics
2025-02-09,13.0,politics
2025-02-10,13.142857142857142,politics
2025-02-11,13.285714285714286,politics
2025-02-12,13.428571428571429,politics
2025-02-13,13.571428571428571,politics
2025-02-14,13.714285714285714,politics
2025-02-15,13.857142857142858,politics
2025-02-16,14.0,politics
2025-02-17,14.428571428571429,politics
2025-02-18,14.857142857142858,politics
2025-02-19,15.285714285714285,politics
2025-02-20,15.714285714285714,politics
2025-02-21,16.142857142857142,politics
2025-02-22,16.57142857142857,politics
2025-02-23,17.0,politics
2025-02-24,16.285714285714285,politics
2025-02-25,15.571428571428571,politics
2025-02-26,14.857142857142858,politics
2025-02-27,14.142857142857142,politics
2025-02-28,13.428571428571429,politics
2025-03-01,12.714285714285715,politics
2025-03-02,12.0,politics
2025-03-03,12.142857142857142,politics
2025-03-04,12.285714285714286,politics
2025-03-05,12.428571428571429,politics
2025-03-06,12.571428571428571,politics
2025-03-07,12.714285714285714,politics
2025-03-08,12.857142857142858,politics
2025-03-09,13.0,politics
2025-03-10,21.42857142857143,politics
2025-03-11,29.857142857142858,politics
2025-03-12,38.285714285714285,politics
2025-03-13,46.714285714285715,politics
2025-03-14,55.142857142857146,politics
2025-03-15,63.57142857142857,politics
2025-03-16,72.0,politics
2025-03-17,76.0,politics
2025-03-18,80.0,politics
2025-03-19,84.0,politics
2025-03-20,88.0,politics
2025-03-21,92.0,politics
2025-03-22,96.0,politics
2025-03-23,100.0,politics
2025-03-24,88.71428571428571,politics
2025-03-25,77.42857142857143,politics
2025-03-26,66.14285714285714,politics
2025-03-27,54.857142857142854,politics
2025-03-28,43.57142857142857,politics
2025-03-29,32.28571428571428,politics
2025-03-30,21.0,politics
2025-03-31,20.428571428571427,politics
2025-04-01,19.857142857142858,politics
2025-04-02,19.285714285714285,politics
2025-04-03,18.714285714285715,politics
2025-04-04,18.142857142857142,politics
2025-04-05,17.571428571428573,politics
2025-04-06,17.0,politics
2025-04-07,17.0,politics
2025-04-08,17.0,politics
2025-04-09,17.0,politics
2025-04-10,17.0,politics
2025-04-11,17.0,politics
2025-04-12,17.0,politics
2025-04-13,17.0,politics
2025-04-14,16.571428571428573,politics
2025-04-15,16.142857142857142,politics
2025-04-16,15.714285714285715,politics
2025-04-17,15.285714285714286,politics
2025-04-18,14.857142857142858,politics
2025-04-19,14.428571428571429,politics
2025-04-20,14.0,politics
2025-04-21,14.0,politics
2025-04-22,14.0,politics
2025-04-23,14.0,politics
2025-04-24,14.0,politics
2025-04-25,14.0,politics
2025-04-26,14.0,politics
2025-04-27,14.0,politics
2025-04-28,13.857142857142858,politics
2025-04-29,13.714285714285714,politics
2025-04-30,13.571428571428571,politics
2025-05-01,13.428571428571429,politics
2025-05-02,13.285714285714286,politics
2025-05-03,13.142857142857142,politics
2025-05-04,13.0,politics
2025-05-05,13.0,politics
2025-05-06,13.0,politics
2025-05-07,13.0,politics
2025-05-08,13.0,politics
2025-05-09,13.0,politics
2025-05-10,13.0,politics
2025-05-11,13.0,politics
2025-05-12,13.0,politics
2025-05-13,13.0,politics
2025-05-14,13.0,politics
2025-05-15,13.0,politics
2025-05-16,13.0,politics
2025-05-17,13.0,politics
2025-05-18,13.0,politics
2025-05-19,13.142857142857142,politics
2025-05-20,13.285714285714286,politics
2025-05-21,13.428571428571429,politics
2025-05-22,13.571428571428571,politics
2025-05-23,13.714285714285714,politics
2025-05-24,13.857142857142858,politics
2025-05-25,14.0,politics
2025-05-26,14.0,politics
2025-05-27,14.0,politics
2025-05-28,14.0,politics
2025-05-29,14.0,politics
2025-05-30,14.0,politics
2025-05-31,14.0,politics
2025-06-01,14.0,politics
2025-06-02,14.714285714285714,politics
2025-06-03,15.428571428571429,politics
2025-06-04,16.142857142857142,politics
2025-06-05,16.857142857142858,politics
2025-06-06,17.571428571428573,politics
2025-06-07,18.285714285714285,politics
2025-06-08,19.0,politics
2025-06-09,18.0,politics
2025-06-10,17.0,politics
2025-06-11,16.0,politics
2025-06-12,15.0,politics
2025-06-13,14.0,politics
2025-06-14,13.0,politics
2025-06-15,12.0,politics
2025-06-16,12.0,politics
2025-06-17,12.0,politics
2025-06-18,12.0,politics
2025-06-19,12.0,politics
2025-06-20,12.0,politics
2025-06-21,12.0,politics
2025-06-22,12.0,politics
2025-06-23,12.285714285714286,politics
2025-06-24,12.571428571428571,politics
2025-06-25,12.857142857142858,politics
2025-06-26,13.142857142857142,politics
2025-06-27,13.428571428571429,politics
2025-06-28,13.714285714285714,politics
2025-06-29,14.0,politics
2025-06-30,14.571428571428571,politics
2025-07-01,15.142857142857142,politics
2025-07-02,15.714285714285714,politics
2025-07-03,16.285714285714285,politics
2025-07-04,16.857142857142858,politics
2025-07-05,17.428571428571427,politics
2025-07-06,18.0,politics
2025-07-07,17.571428571428573,politics
2025-07-08,17.142857142857142,politics
2025-07-09,16.714285714285715,politics
2025-07-10,16.285714285714285,politics
2025-07-11,15.857142857142858,politics
2025-07-12,15.428571428571429,politics
2025-07-13,15.0,politics
2025-07-14,14.714285714285714,politics
2025-07-15,14.428571428571429,politics
2025-07-16,14.142857142857142,politics
2025-07-17,13.857142857142858,politics
2025-07-18,13.571428571428571,politics
2025-07-19,13.285714285714286,politics
2025-07-20,13.0,politics
2025-07-21,12.857142857142858,politics
2025-07-22,12.714285714285714,politics
2025-07-23,12.571428571428571,politics
2025-07-24,12.428571428571429,politics
2025-07-25,12.285714285714286,politics
2025-07-26,12.142857142857142,politics
2025-07-27,12.0,politics
2025-07-28,12.0,politics
2025-07-29,12.0,politics
2025-07-30,12.0,politics
2025-07-31,12.0,politics
2025-08-01,12.0,politics
2025-08-02,12.0,politics
2025-08-03,12.0,politics
2025-08-04,12.857142857142858,politics
2025-08-05,13.714285714285714,politics
2025-08-06,14.571428571428571,politics
2025-08-07,15.428571428571429,politics
2025-08-08,16.285714285714285,politics
2025-08-09,17.142857142857142,politics
2025-08-10,18.0,politics
2025-08-11,17.571428571428573,politics
2025-08-12,17.142857142857142,politics
2025-08-13,16.714285714285715,politics
2025-08-14,16.285714285714285,politics
2025-08-15,15.857142857142858,politics
2025-08-16,15.428571428571429,politics
2025-08-17,15.0,politics
2025-08-18,14.714285714285714,politics
2025-08-19,14.428571428571429,politics
2025-08-20,14.142857142857142,politics
2025-08-21,13.857142857142858,politics
2025-08-22,13.571428571428571,politics
2025-08-23,13.285714285714286,politics
2025-08-24,13.0,politics
2025-08-25,13.0,politics
2025-08-26,13.0,politics
2025-08-27,13.0,politics
2025-08-28,13.0,politics
2025-08-29,13.0,politics
2025-08-30,13.0,politics
2025-08-31,13.0,politics
2025-09-01,13.428571428571429,politics
2025-09-02,13.857142857142858,politics
2025-09-03,14.285714285714285,politics
2025-09-04,14.714285714285714,politics
2025-09-05,15.142857142857142,politics
2025-09-06,15.571428571428571,politics
2025-09-07,16.0,politics
2025-09-08,17.0,politics
2025-09-09,18.0,politics
2025-09-10,19.0,politics
2025-09-11,20.0,politics
2025-09-12,21.0,politics
2025-09-13,22.0,politics
2025-09-14,23.0,politics
2025-09-15,26.571428571428573,politics
2025-09-16,30.142857142857142,politics
2025-09-17,33.714285714285715,politics
2025-09-18,37.285714285714285,politics
2025-09-19,40.85714285714286,politics
2025-09-20,44.42857142857143,politics
2025-09-21,48.0,politics
2025-09-22,42.57142857142857,politics
2025-09-23,37.14285714285714,politics
2025-09-24,31.714285714285715,politics
2025-09-25,26.285714285714285,politics
2025-09-26,20.857142857142854,politics
2025-09-27,15.42857142857143,politics
2025-09-28,10.0,politics
2025-09-29,10.142857142857142,politics
2025-09-30,10.285714285714286,politics
2025-10-01,10.428571428571429,politics
2025-10-02,10.571428571428571,politics
2025-10-03,10.714285714285714,politics
2025-10-04,10.857142857142858,politics
2025-10-05,11.0,politics
2025-10-06,11.0,politics
2025-10-07,11.0,politics
2025-10-08,11.0,politics
2025-10-09,11.0,politics
2025-10-10,11.0,politics
2025-10-11,11.0,politics
2025-10-12,11.0,politics
2025-10-13,11.857142857142858,politics
2025-10-14,12.714285714285714,politics
2025-10-15,13.571428571428571,politics
2025-10-16,14.428571428571429,politics
2025-10-17,15.285714285714285,politics
2025-10-18,16.142857142857142,politics
2025-10-19,17.0,politics
2025-10-20,16.571428571428573,politics
2025-10-21,16.142857142857142,politics
2025-10-22,15.714285714285715,politics
2025-10-23,15.285714285714286,politics
2025-10-24,14.857142857142858,politics
2025-10-25,14.428571428571429,politics
2025-10-26,14.0,politics
2025-10-27,13.571428571428571,politics
2025-10-28,13.142857142857142,politics
2025-10-29,12.714285714285715,politics
2025-10-30,12.285714285714286,politics
2025-10-31,11.857142857142858,politics
2025-11-01,11.428571428571429,politics
2025-11-02,11.0,politics
2025-11-03,11.285714285714286,politics
2025-11-04,11.571428571428571,politics
2025-11-05,11.857142857142858,politics
2025-11-06,12.142857142857142,politics
2025-11-07,12.428571428571429,politics
2025-11-08,12.714285714285714,politics
2025-11-09,13.0,politics
2025-11-10,12.857142857142858,politics
2025-11-11,12.714285714285714,politics
2025-11-12,12.571428571428571,politics
2025-11-13,12.428571428571429,politics
2025-11-14,12.285714285714286,politics
2025-11-15,12.142857142857142,politics
2025-11-16,12.0,politics
2025-11-17,12.0,politics
2025-11-18,12.0,politics
2025-11-19,12.0,politics
2025-11-20,12.0,politics
2025-11-21,12.0,politics
2025-11-22,12.0,politics
2025-11-23,12.0,politics
2025-11-24,11.857142857142858,politics
2025-11-25,11.714285714285714,politics
2025-11-26,11.571428571428571,politics
2025-11-27,11.428571428571429,politics
2025-11-28,11.285714285714286,politics
2025-11-29,11.142857142857142,politics
2025-11-30,11.0,politics
2025-12-01,11.142857142857142,politics
2025-12-02,11.285714285714286,politics
2025-12-03,11.428571428571429,politics
2025-12-04,11.571428571428571,politics
2025-12-05,11.714285714285714,politics
2025-12-06,11.857142857142858,politics
2025-12-07,12.0,politics
2025-12-08,12.0,politics
2025-12-09,12.0,politics
2025-12-10,12.0,politics
2025-12-11,12.0,politics
2025-12-12,12.0,politics
2025-12-13,12.0,politics
2025-12-14,12.0,politics
2025-12-15,11.857142857142858,politics
2025-12-16,11.714285714285714,politics
2025-12-17,11.571428571428571,politics
2025-12-18,11.428571428571429,politics
2025-12-19,11.285714285714286,politics
2025-12-20,11.142857142857142,politics
2025-12-21,11.0,politics
2025-12-22,11.142857142857142,politics
2025-12-23,11.285714285714286,politics
2025-12-24,11.428571428571429,politics
2025-12-25,11.571428571428571,politics
2025-12-26,11.714285714285714,politics
2025-12-27,11.857142857142858,politics
2025-12-28,12.0,politics
2025-12-29,12.142857142857142,politics
2025-12-30,12.285714285714286,politics
2025-12-31,12.428571428571429,politics
2026-01-01,12.571428571428571,politics
2026-01-02,12.714285714285714,politics
2026-01-03,12.857142857142858,politics
2026-01-04,13.0,politics
2026-01-05,13.142857142857142,politics
2026-01-06,13.285714285714286,politics
2026-01-07,13.428571428571429,politics
2026-01-08,13.571428571428571,politics
2026-01-09,13.714285714285714,politics
2026-01-10,13.857142857142858,politics
2026-01-11,14.0,politics
2026-01-12,13.857142857142858,politics
2026-01-13,13.714285714285714,politics
2026-01-14,13.571428571428571,politics
2026-01-15,13.428571428571429,politics
2026-01-16,13.285714285714286,politics
2026-01-17,13.142857142857142,politics
2026-01-18,13.0,politics
2026-01-19,12.857142857142858,politics
2026-01-20,12.714285714285714,politics
2026-01-21,12.571428571428571,politics
2026-01-22,12.428571428571429,politics
2026-01-23,12.285714285714286,politics
2026-01-24,12.142857142857142,politics
2026-01-25,12.0,politics
2026-01-26,12.142857142857142,politics
2026-01-27,12.285714285714286,politics
2026-01-28,12.428571428571429,politics
2026-01-29,12.571428571428571,politics
2026-01-30,12.714285714285714,politics
2026-01-31,12.857142857142858,politics
2026-02-01,13.0,politics
2026-02-02,13.285714285714286,politics
2026-02-03,13.571428571428571,politics
2026-02-04,13.857142857142858,politics
2026-02-05,14.142857142857142,politics
2026-02-06,14.428571428571429,politics
2026-02-07,14.714285714285714,politics
2026-02-08,15.0,politics
2026-02-09,14.428571428571429,politics
2026-02-10,13.857142857142858,politics
2026-02-11,13.285714285714286,politics
2026-02-12,12.714285714285715,politics
2026-02-13,12.142857142857142,politics
2026-02-14,11.571428571428571,politics
2026-02-15,11.0,politics
2026-02-16,10.857142857142858,politics
2026-02-17,10.714285714285714,politics
2026-02-18,10.571428571428571,politics
2026-02-19,10.428571428571429,politics
2026-02-20,10.285714285714286,politics
2026-02-21,10.142857142857142,politics
2026-02-22,10.0,politics
2026-02-23,10.0,politics
2026-02-24,10.0,politics
2026-02-25,10.0,politics
2026-02-26,10.0,politics
2026-02-27,10.0,politics
2026-02-28,10.0,politics
2026-03-01,10.0,politics
2026-03-02,10.0,politics
2026-03-03,10.0,politics
2026-03-04,10.0,politics
2026-03-05,10.0,politics
2026-03-06,10.0,politics
2026-03-07,10.0,politics
2026-03-08,10.0,politics
2026-03-09,10.0,politics
2026-03-10,10.0,politics
2026-03-11,10.0,politics
2026-03-12,10.0,politics
2026-03-13,10.0,politics
2026-03-14,10.0,politics
2026-03-15,10.0,politics
2026-03-16,10.142857142857142,politics
2026-03-17,10.285714285714286,politics
2026-03-18,10.428571428571429,politics
2026-03-19,10.571428571428571,politics
2026-03-20,10.714285714285714,politics
2026-03-21,10.857142857142858,politics
2026-03-22,11.0,politics
2026-03-23,11.428571428571429,politics
2026-03-24,11.857142857142858,politics
2026-03-25,12.285714285714285,politics
2026-03-26,12.714285714285714,politics
2026-03-27,13.142857142857142,politics
2026-03-28,13.571428571428571,politics
2026-03-29,14.0,politics
2023-12-31,68.0,national
2024-01-01,65.28571428571429,national
2024-01-02,62.57142857142857,national
2024-01-03,59.85714285714286,national
2024-01-04,57.14285714285714,national
2024-01-05,54.42857142857143,national
2024-01-06,51.714285714285715,national
2024-01-07,49.0,national
2024-01-08,47.57142857142857,national
2024-01-09,46.142857142857146,national
2024-01-10,44.714285714285715,national
2024-01-11,43.285714285714285,national
2024-01-12,41.857142857142854,national
2024-01-13,40.42857142857143,national
2024-01-14,39.0,national
2024-01-15,45.0,national
2024-01-16,51.0,national
2024-01-17,57.0,national
2024-01-18,63.0,national
2024-01-19,69.0,national
2024-01-20,75.0,national
2024-01-21,81.0,national
2024-01-22,74.85714285714286,national
2024-01-23,68.71428571428571,national
2024-01-24,62.57142857142857,national
2024-01-25,56.42857142857143,national
2024-01-26,50.285714285714285,national
2024-01-27,44.14285714285714,national
2024-01-28,38.0,national
2024-01-29,38.57142857142857,national
2024-01-30,39.142857142857146,national
2024-01-31,39.714285714285715,national
2024-02-01,40.285714285714285,national
2024-02-02,40.857142857142854,national
2024-02-03,41.42857142857143,national
2024-02-04,42.0,national
2024-02-05,40.142857142857146,national
2024-02-06,38.285714285714285,national
2024-02-07,36.42857142857143,national
2024-02-08,34.57142857142857,national
2024-02-09,32.714285714285715,national
2024-02-10,30.857142857142858,national
2024-02-11,29.0,national
2024-02-12,29.714285714285715,national
2024-02-13,30.428571428571427,national
2024-02-14,31.142857142857142,national
2024-02-15,31.857142857142858,national
2024-02-16,32.57142857142857,national
2024-02-17,33.285714285714285,national
2024-02-18,34.0,national
2024-02-19,33.714285714285715,national
2024-02-20,33.42857142857143,national
2024-02-21,33.142857142857146,national
2024-02-22,32.857142857142854,national
2024-02-23,32.57142857142857,national
2024-02-24,32.285714285714285,national
2024-02-25,32.0,national
2024-02-26,41.714285714285715,national
2024-02-27,51.42857142857143,national
2024-02-28,61.14285714285714,national
2024-02-29,70.85714285714286,national
2024-03-01,80.57142857142857,national
2024-03-02,90.28571428571428,national
2024-03-03,100.0,national
2024-03-04,90.71428571428571,national
2024-03-05,81.42857142857143,national
2024-03-06,72.14285714285714,national
2024-03-07,62.857142857142854,national
2024-03-08,53.57142857142857,national
2024-03-09,44.28571428571428,national
2024-03-10,35.0,national
2024-03-11,34.142857142857146,national
2024-03-12,33.285714285714285,national
2024-03-13,32.42857142857143,national
2024-03-14,31.571428571428573,national
2024-03-15,30.714285714285715,national
2024-03-16,29.857142857142858,national
2024-03-17,29.0,national
2024-03-18,28.714285714285715,national
2024-03-19,28.428571428571427,national
2024-03-20,28.142857142857142,national
2024-03-21,27.857142857142858,national
2024-03-22,27.571428571428573,national
2024-03-23,27.285714285714285,national
2024-03-24,27.0,national
2024-03-25,26.428571428571427,national
2024-03-26,25.857142857142858,national
2024-03-27,25.285714285714285,national
2024-03-28,24.714285714285715,national
2024-03-29,24.142857142857142,national
2024-03-30,23.571428571428573,national
2024-03-31,23.0,national
2024-04-01,22.285714285714285,national
2024-04-02,21.571428571428573,national
2024-04-03,20.857142857142858,national
2024-04-04,20.142857142857142,national
2024-04-05,19.428571428571427,national
2024-04-06,18.714285714285715,national
2024-04-07,18.0,national
2024-04-08,25.42857142857143,national
2024-04-09,32.85714285714286,national
2024-04-10,40.285714285714285,national
2024-04-11,47.714285714285715,national
2024-04-12,55.142857142857146,national
2024-04-13,62.57142857142857,national
2024-04-14,70.0,national
2024-04-15,64.14285714285714,national
2024-04-16,58.285714285714285,national
2024-04-17,52.42857142857143,national
2024-04-18,46.57142857142857,national
2024-04-19,40.714285714285715,national
2024-04-20,34.85714285714286,national
2024-04-21,29.0,national
2024-04-22,27.714285714285715,national
2024-04-23,26.428571428571427,national
2024-04-24,25.142857142857142,national
2024-04-25,23.857142857142858,national
2024-04-26,22.57142857142857,national
2024-04-27,21.285714285714285,national
2024-04-28,20.0,national
2024-04-29,19.428571428571427,national
2024-04-30,18.857142857142858,national
2024-05-01,18.285714285714285,national
2024-05-02,17.714285714285715,national
2024-05-03,17.142857142857142,national
2024-05-04,16.571428571428573,national
2024-05-05,16.0,national
2024-05-06,15.857142857142858,national
2024-05-07,15.714285714285714,national
2024-05-08,15.571428571428571,national
2024-05-09,15.428571428571429,national
2024-05-10,15.285714285714286,national
2024-05-11,15.142857142857142,national
2024-05-12,15.0,national
2024-05-13,15.714285714285714,national
2024-05-14,16.428571428571427,national
2024-05-15,17.142857142857142,national
2024-05-16,17.857142857142858,national
2024-05-17,18.571428571428573,national
2024-05-18,19.285714285714285,national
2024-05-19,20.0,national
2024-05-20,20.0,national
2024-05-21,20.0,national
2024-05-22,20.0,national
2024-05-23,20.0,national
2024-05-24,20.0,national
2024-05-25,20.0,national
2024-05-26,20.0,national
2024-05-27,19.714285714285715,national
2024-05-28,19.428571428571427,national
2024-05-29,19.142857142857142,national
2024-05-30,18.857142857142858,national
2024-05-31,18.571428571428573,national
2024-06-01,18.285714285714285,national
2024-06-02,18.0,national
2024-06-03,18.285714285714285,national
2024-06-04,18.571428571428573,national
2024-06-05,18.857142857142858,national
2024-06-06,19.142857142857142,national
2024-06-07,19.428571428571427,national
2024-06-08,19.714285714285715,national
2024-06-09,20.0,national
2024-06-10,19.571428571428573,national
2024-06-11,19.142857142857142,national
2024-06-12,18.714285714285715,national
2024-06-13,18.285714285714285,national
2024-06-14,17.857142857142858,national
2024-06-15,17.42857142857143,national
2024-06-16,17.0,national
2024-06-17,20.285714285714285,national
2024-06-18,23.57142857142857,national
2024-06-19,26.857142857142858,national
2024-06-20,30.142857142857142,national
2024-06-21,33.42857142857143,national
2024-06-22,36.714285714285715,national
2024-06-23,40.0,national
2024-06-24,36.285714285714285,national
2024-06-25,32.57142857142857,national
2024-06-26,28.857142857142858,national
2024-06-27,25.142857142857142,national
2024-06-28,21.428571428571427,national
2024-06-29,17.714285714285715,national
2024-06-30,14.0,national
2024-07-01,16.285714285714285,national
2024-07-02,18.57142857142857,national
2024-07-03,20.857142857142858,national
2024-07-04,23.142857142857142,national
2024-07-05,25.428571428571427,national
2024-07-06,27.714285714285715,national
2024-07-07,30.0,national
2024-07-08,30.0,national
2024-07-09,30.0,national
2024-07-10,30.0,national
2024-07-11,30.0,national
2024-07-12,30.0,national
2024-07-13,30.0,national
2024-07-14,30.0,national
2024-07-15,30.142857142857142,national
2024-07-16,30.285714285714285,national
2024-07-17,30.428571428571427,national
2024-07-18,30.571428571428573,national
2024-07-19,30.714285714285715,national
2024-07-20,30.857142857142858,national
2024-07-21,31.0,national
2024-07-22,29.571428571428573,national
2024-07-23,28.142857142857142,national
2024-07-24,26.714285714285715,national
2024-07-25,25.285714285714285,national
2024-07-26,23.857142857142858,national
2024-07-27,22.42857142857143,national
2024-07-28,21.0,national
2024-07-29,22.142857142857142,national
2024-07-30,23.285714285714285,national
2024-07-31,24.428571428571427,national
2024-08-01,25.57142857142857,national
2024-08-02,26.714285714285715,national
2024-08-03,27.857142857142858,national
2024-08-04,29.0,national
2024-08-05,31.142857142857142,national
2024-08-06,33.285714285714285,national
2024-08-07,35.42857142857143,national
2024-08-08,37.57142857142857,national
2024-08-09,39.714285714285715,national
2024-08-10,41.85714285714286,national
2024-08-11,44.0,national
2024-08-12,41.285714285714285,national
2024-08-13,38.57142857142857,national
2024-08-14,35.85714285714286,national
2024-08-15,33.14285714285714,national
2024-08-16,30.428571428571427,national
2024-08-17,27.714285714285715,national
2024-08-18,25.0,national
2024-08-19,23.571428571428573,national
2024-08-20,22.142857142857142,national
2024-08-21,20.714285714285715,national
2024-08-22,19.285714285714285,national
2024-08-23,17.857142857142858,national
2024-08-24,16.42857142857143,national
2024-08-25,15.0,national
2024-08-26,16.714285714285715,national
2024-08-27,18.428571428571427,national
2024-08-28,20.142857142857142,national
2024-08-29,21.857142857142858,national
2024-08-30,23.57142857142857,national
2024-08-31,25.285714285714285,national
2024-09-01,27.0,national
2024-09-02,25.571428571428573,national
2024-09-03,24.142857142857142,national
2024-09-04,22.714285714285715,national
2024-09-05,21.285714285714285,national
2024-09-06,19.857142857142858,national
2024-09-07,18.42857142857143,national
2024-09-08,17.0,national
2024-09-09,16.714285714285715,national
2024-09-10,16.428571428571427,national
2024-09-11,16.142857142857142,national
2024-09-12,15.857142857142858,national
2024-09-13,15.571428571428571,national
2024-09-14,15.285714285714286,national
2024-09-15,15.0,national
2024-09-16,14.857142857142858,national
2024-09-17,14.714285714285714,national
2024-09-18,14.571428571428571,national
2024-09-19,14.428571428571429,national
2024-09-20,14.285714285714286,national
2024-09-21,14.142857142857142,national
2024-09-22,14.0,national
2024-09-23,12.571428571428571,national
2024-09-24,11.142857142857142,national
2024-09-25,9.714285714285715,national
2024-09-26,8.285714285714285,national
2024-09-27,6.857142857142857,national
2024-09-28,5.428571428571429,national
2024-09-29,4.0,national
2024-09-30,4.0,national
2024-10-01,4.0,national
2024-10-02,4.0,national
2024-10-03,4.0,national
2024-10-04,4.0,national
2024-10-05,4.0,national
2024-10-06,4.0,national
2024-10-07,6.285714285714286,national
2024-10-08,8.571428571428571,national
2024-10-09,10.857142857142858,national
2024-10-10,13.142857142857142,national
2024-10-11,15.428571428571427,national
2024-10-12,17.714285714285715,national
2024-10-13,20.0,national
2024-10-14,17.714285714285715,national
2024-10-15,15.428571428571429,national
2024-10-16,13.142857142857142,national
2024-10-17,10.857142857142858,national
2024-10-18,8.571428571428573,national
2024-10-19,6.2857142857142865,national
2024-10-20,4.0,national
2024-10-21,4.714285714285714,national
2024-10-22,5.428571428571429,national
2024-10-23,6.142857142857142,national
2024-10-24,6.857142857142858,national
2024-10-25,7.571428571428571,national
2024-10-26,8.285714285714285,national
2024-10-27,9.0,national
2024-10-28,8.571428571428571,national
2024-10-29,8.142857142857142,national
2024-10-30,7.714285714285714,national
2024-10-31,7.285714285714286,national
2024-11-01,6.857142857142858,national
2024-11-02,6.428571428571429,national
2024-11-03,6.0,national
2024-11-04,6.142857142857143,national
2024-11-05,6.285714285714286,national
2024-11-06,6.428571428571429,national
2024-11-07,6.571428571428571,national
2024-11-08,6.714285714285714,national
2024-11-09,6.857142857142857,national
2024-11-10,7.0,national
2024-11-11,6.428571428571429,national
2024-11-12,5.857142857142858,national
2024-11-13,5.285714285714286,national
2024-11-14,4.714285714285714,national
2024-11-15,4.142857142857143,national
2024-11-16,3.5714285714285716,national
2024-11-17,3.0,national
2024-11-18,3.571428571428571,national
2024-11-19,4.142857142857142,national
2024-11-20,4.714285714285714,national
2024-11-21,5.285714285714286,national
2024-11-22,5.857142857142857,national
2024-11-23,6.428571428571429,national
2024-11-24,7.0,national
2024-11-25,6.714285714285714,national
2024-11-26,6.428571428571429,national
2024-11-27,6.142857142857143,national
2024-11-28,5.857142857142858,national
2024-11-29,5.571428571428571,national
2024-11-30,5.285714285714286,national
2024-12-01,5.0,national
2024-12-02,4.857142857142857,national
2024-12-03,4.714285714285714,national
2024-12-04,4.571428571428571,national
2024-12-05,4.428571428571429,national
2024-12-06,4.285714285714286,national
2024-12-07,4.142857142857143,national
2024-12-08,4.0,national
2024-12-09,4.142857142857143,national
2024-12-10,4.285714285714286,national
2024-12-11,4.428571428571429,national
2024-12-12,4.571428571428571,national
2024-12-13,4.714285714285714,national
2024-12-14,4.857142857142857,national
2024-12-15,5.0,national
2024-12-16,4.857142857142857,national
2024-12-17,4.714285714285714,national
2024-12-18,4.571428571428571,national
2024-12-19,4.428571428571429,national
2024-12-20,4.285714285714286,national
2024-12-21,4.142857142857143,national
2024-12-22,4.0,national
2024-12-23,4.142857142857143,national
2024-12-24,4.285714285714286,national
2024-12-25,4.428571428571429,national
2024-12-26,4.571428571428571,national
2024-12-27,4.714285714285714,national
2024-12-28,4.857142857142857,national
2024-12-29,5.0,national
2024-12-30,5.142857142857143,national
2024-12-31,5.285714285714286,national
2025-01-01,5.428571428571429,national
2025-01-02,5.571428571428571,national
2025-01-03,5.714285714285714,national
2025-01-04,5.857142857142857,national
2025-01-05,6.0,national
2025-01-06,5.571428571428571,national
2025-01-07,5.142857142857143,national
2025-01-08,4.714285714285714,national
2025-01-09,4.285714285714286,national
2025-01-10,3.857142857142857,national
2025-01-11,3.428571428571429,national
2025-01-12,3.0,national
2025-01-13,3.571428571428571,national
2025-01-14,4.142857142857142,national
2025-01-15,4.714285714285714,national
2025-01-16,5.285714285714286,national
2025-01-17,5.857142857142857,national
2025-01-18,6.428571428571429,national
2025-01-19,7.0,national
2025-01-20,6.857142857142857,national
2025-01-21,6.714285714285714,national
2025-01-22,6.571428571428571,national
2025-01-23,6.428571428571429,national
2025-01-24,6.285714285714286,national
2025-01-25,6.142857142857143,national
2025-01-26,6.0,national
2025-01-27,7.0,national
2025-01-28,8.0,national
2025-01-29,9.0,national
2025-01-30,10.0,national
2025-01-31,11.0,national
2025-02-01,12.0,national
2025-02-02,13.0,national
2025-02-03,12.142857142857142,national
2025-02-04,11.285714285714286,national
2025-02-05,10.428571428571429,national
2025-02-06,9.571428571428571,national
2025-02-07,8.714285714285715,national
2025-02-08,7.857142857142858,national
2025-02-09,7.0,national
2025-02-10,7.428571428571429,national
2025-02-11,7.857142857142857,national
2025-02-12,8.285714285714285,national
2025-02-13,8.714285714285714,national
2025-02-14,9.142857142857142,national
2025-02-15,9.571428571428571,national
2025-02-16,10.0,national
2025-02-17,9.0,national
2025-02-18,8.0,national
2025-02-19,7.0,national
2025-02-20,6.0,national
2025-02-21,5.0,national
2025-02-22,4.0,national
2025-02-23,3.0,national
2025-02-24,3.0,national
2025-02-25,3.0,national
2025-02-26,3.0,national
2025-02-27,3.0,national
2025-02-28,3.0,national
2025-03-01,3.0,national
2025-03-02,3.0,national
2025-03-03,3.0,national
2025-03-04,3.0,national
2025-03-05,3.0,national
2025-03-06,3.0,national
2025-03-07,3.0,national
2025-03-08,3.0,national
2025-03-09,3.0,national
2025-03-10,2.857142857142857,national
2025-03-11,2.7142857142857144,national
2025-03-12,2.5714285714285716,national
2025-03-13,2.428571428571429,national
2025-03-14,2.2857142857142856,national
2025-03-15,2.142857142857143,national
2025-03-16,2.0,national
2025-03-17,2.142857142857143,national
2025-03-18,2.2857142857142856,national
2025-03-19,2.4285714285714284,national
2025-03-20,2.571428571428571,national
2025-03-21,2.7142857142857144,national
2025-03-22,2.857142857142857,national
2025-03-23,3.0,national
2025-03-24,3.142857142857143,national
2025-03-25,3.2857142857142856,national
2025-03-26,3.4285714285714284,national
2025-03-27,3.571428571428571,national
2025-03-28,3.7142857142857144,national
2025-03-29,3.857142857142857,national
2025-03-30,4.0,national
2025-03-31,3.857142857142857,national
2025-04-01,3.7142857142857144,national
2025-04-02,3.5714285714285716,national
2025-04-03,3.428571428571429,national
2025-04-04,3.2857142857142856,national
2025-04-05,3.142857142857143,national
2025-04-06,3.0,national
2025-04-07,3.4285714285714284,national
2025-04-08,3.857142857142857,national
2025-04-09,4.285714285714286,national
2025-04-10,4.714285714285714,national
2025-04-11,5.142857142857142,national
2025-04-12,5.571428571428571,national
2025-04-13,6.0,national
2025-04-14,19.42857142857143,national
2025-04-15,32.85714285714286,national
2025-04-16,46.285714285714285,national
2025-04-17,59.714285714285715,national
2025-04-18,73.14285714285714,national
2025-04-19,86.57142857142857,national
2025-04-20,100.0,national
2025-04-21,89.71428571428571,national
2025-04-22,79.42857142857143,national
2025-04-23,69.14285714285714,national
2025-04-24,58.857142857142854,national
2025-04-25,48.57142857142857,national
2025-04-26,38.28571428571428,national
2025-04-27,28.0,national
2025-04-28,25.142857142857142,national
2025-04-29,22.285714285714285,national
2025-04-30,19.42857142857143,national
2025-05-01,16.57142857142857,national
2025-05-02,13.714285714285714,national
2025-05-03,10.857142857142858,national
2025-05-04,8.0,national
2025-05-05,10.0,national
2025-05-06,12.0,national
2025-05-07,14.0,national
2025-05-08,16.0,national
2025-05-09,18.0,national
2025-05-10,20.0,national
2025-05-11,22.0,national
2025-05-12,21.0,national
2025-05-13,20.0,national
2025-05-14,19.0,national
2025-05-15,18.0,national
2025-05-16,17.0,national
2025-05-17,16.0,national
2025-05-18,15.0,national
2025-05-19,13.714285714285714,national
2025-05-20,12.428571428571429,national
2025-05-21,11.142857142857142,national
2025-05-22,9.857142857142858,national
2025-05-23,8.571428571428571,national
2025-05-24,7.285714285714285,national
2025-05-25,6.0,national
2025-05-26,7.714285714285714,national
2025-05-27,9.428571428571429,national
2025-05-28,11.142857142857142,national
2025-05-29,12.857142857142858,national
2025-05-30,14.571428571428571,national
2025-05-31,16.285714285714285,national
2025-06-01,18.0,national
2025-06-02,16.285714285714285,national
2025-06-03,14.571428571428571,national
2025-06-04,12.857142857142858,national
2025-06-05,11.142857142857142,national
2025-06-06,9.428571428571429,national
2025-06-07,7.714285714285715,national
2025-06-08,6.0,national
2025-06-09,5.714285714285714,national
2025-06-10,5.428571428571429,national
2025-06-11,5.142857142857143,national
2025-06-12,4.857142857142858,national
2025-06-13,4.571428571428571,national
2025-06-14,4.285714285714286,national
2025-06-15,4.0,national
2025-06-16,4.0,national
2025-06-17,4.0,national
2025-06-18,4.0,national
2025-06-19,4.0,national
2025-06-20,4.0,national
2025-06-21,4.0,national
2025-06-22,4.0,national
2025-06-23,6.142857142857142,national
2025-06-24,8.285714285714285,national
2025-06-25,10.428571428571429,national
2025-06-26,12.571428571428571,national
2025-06-27,14.714285714285714,national
2025-06-28,16.857142857142858,national
2025-06-29,19.0,national
2025-06-30,17.0,national
2025-07-01,15.0,national
2025-07-02,13.0,national
2025-07-03,11.0,national
2025-07-04,9.0,national
2025-07-05,7.0,national
2025-07-06,5.0,national
2025-07-07,4.857142857142857,national
2025-07-08,4.714285714285714,national
2025-07-09,4.571428571428571,national
2025-07-10,4.428571428571429,national
2025-07-11,4.285714285714286,national
2025-07-12,4.142857142857143,national
2025-07-13,4.0,national
2025-07-14,3.857142857142857,national
2025-07-15,3.7142857142857144,national
2025-07-16,3.5714285714285716,national
2025-07-17,3.428571428571429,national
2025-07-18,3.2857142857142856,national
2025-07-19,3.142857142857143,national
2025-07-20,3.0,national
2025-07-21,3.7142857142857144,national
2025-07-22,4.428571428571429,national
2025-07-23,5.142857142857142,national
2025-07-24,5.857142857142858,national
2025-07-25,6.571428571428571,national
2025-07-26,7.285714285714286,national
2025-07-27,8.0,national
2025-07-28,7.428571428571429,national
2025-07-29,6.857142857142858,national
2025-07-30,6.285714285714286,national
2025-07-31,5.714285714285714,national
2025-08-01,5.142857142857143,national
2025-08-02,4.571428571428571,national
2025-08-03,4.0,national
2025-08-04,10.0,national
2025-08-05,16.0,national
2025-08-06,22.0,national
2025-08-07,28.0,national
2025-08-08,34.0,national
2025-08-09,40.0,national
2025-08-10,46.0,national
2025-08-11,40.714285714285715,national
2025-08-12,35.42857142857143,national
2025-08-13,30.142857142857142,national
2025-08-14,24.857142857142858,national
2025-08-15,19.571428571428573,national
2025-08-16,14.285714285714285,national
2025-08-17,9.0,national
2025-08-18,9.142857142857142,national
2025-08-19,9.285714285714286,national
2025-08-20,9.428571428571429,national
2025-08-21,9.571428571428571,national
2025-08-22,9.714285714285714,national
2025-08-23,9.857142857142858,national
2025-08-24,10.0,national
2025-08-25,9.142857142857142,national
2025-08-26,8.285714285714286,national
2025-08-27,7.428571428571429,national
2025-08-28,6.571428571428571,national
2025-08-29,5.714285714285714,national
2025-08-30,4.857142857142858,national
2025-08-31,4.0,national
2025-09-01,4.714285714285714,national
2025-09-02,5.428571428571429,national
2025-09-03,6.142857142857142,national
2025-09-04,6.857142857142858,national
2025-09-05,7.571428571428571,national
2025-09-06,8.285714285714285,national
2025-09-07,9.0,national
2025-09-08,8.285714285714286,national
2025-09-09,7.571428571428571,national
2025-09-10,6.857142857142858,national
2025-09-11,6.142857142857142,national
2025-09-12,5.428571428571429,national
2025-09-13,4.714285714285714,national
2025-09-14,4.0,national
2025-09-15,5.142857142857142,national
2025-09-16,6.285714285714286,national
2025-09-17,7.428571428571429,national
2025-09-18,8.571428571428571,national
2025-09-19,9.714285714285714,national
2025-09-20,10.857142857142858,national
2025-09-21,12.0,national
2025-09-22,14.285714285714285,national
2025-09-23,16.57142857142857,national
2025-09-24,18.857142857142858,national
2025-09-25,21.142857142857142,national
2025-09-26,23.428571428571427,national
2025-09-27,25.714285714285715,national
2025-09-28,28.0,national
2025-09-29,25.428571428571427,national
2025-09-30,22.857142857142858,national
2025-10-01,20.285714285714285,national
2025-10-02,17.714285714285715,national
2025-10-03,15.142857142857142,national
2025-10-04,12.57142857142857,national
2025-10-05,10.0,national
2025-10-06,9.285714285714286,national
2025-10-07,8.571428571428571,national
2025-10-08,7.857142857142858,national
2025-10-09,7.142857142857142,national
2025-10-10,6.428571428571429,national
2025-10-11,5.714285714285714,national
2025-10-12,5.0,national
2025-10-13,5.142857142857143,national
2025-10-14,5.285714285714286,national
2025-10-15,5.428571428571429,national
2025-10-16,5.571428571428571,national
2025-10-17,5.714285714285714,national
2025-10-18,5.857142857142857,national
2025-10-19,6.0,national
2025-10-20,11.571428571428571,national
2025-10-21,17.142857142857142,national
2025-10-22,22.714285714285715,national
2025-10-23,28.285714285714285,national
2025-10-24,33.857142857142854,national
2025-10-25,39.42857142857143,national
2025-10-26,45.0,national
2025-10-27,40.57142857142857,national
2025-10-28,36.14285714285714,national
2025-10-29,31.714285714285715,national
2025-10-30,27.285714285714285,national
2025-10-31,22.857142857142854,national
2025-11-01,18.428571428571427,national
2025-11-02,14.0,national
2025-11-03,14.428571428571429,national
2025-11-04,14.857142857142858,national
2025-11-05,15.285714285714285,national
2025-11-06,15.714285714285714,national
2025-11-07,16.142857142857142,national
2025-11-08,16.57142857142857,national
2025-11-09,17.0,national
2025-11-10,15.571428571428571,national
2025-11-11,14.142857142857142,national
2025-11-12,12.714285714285715,national
2025-11-13,11.285714285714285,national
2025-11-14,9.857142857142858,national
2025-11-15,8.428571428571429,national
2025-11-16,7.0,national
2025-11-17,6.714285714285714,national
2025-11-18,6.428571428571429,national
2025-11-19,6.142857142857143,national
2025-11-20,5.857142857142858,national
2025-11-21,5.571428571428571,national
2025-11-22,5.285714285714286,national
2025-11-23,5.0,national
2025-11-24,4.857142857142857,national
2025-11-25,4.714285714285714,national
2025-11-26,4.571428571428571,national
2025-11-27,4.428571428571429,national
2025-11-28,4.285714285714286,national
2025-11-29,4.142857142857143,national
2025-11-30,4.0,national
2025-12-01,5.0,national
2025-12-02,6.0,national
2025-12-03,7.0,national
2025-12-04,8.0,national
2025-12-05,9.0,national
2025-12-06,10.0,national
2025-12-07,11.0,national
2025-12-08,10.142857142857142,national
2025-12-09,9.285714285714286,national
2025-12-10,8.428571428571429,national
2025-12-11,7.571428571428571,national
2025-12-12,6.714285714285714,national
2025-12-13,5.857142857142858,national
2025-12-14,5.0,national
2025-12-15,4.857142857142857,national
2025-12-16,4.714285714285714,national
2025-12-17,4.571428571428571,national
2025-12-18,4.428571428571429,national
2025-12-19,4.285714285714286,national
2025-12-20,4.142857142857143,national
2025-12-21,4.0,national
2025-12-22,4.142857142857143,national
2025-12-23,4.285714285714286,national
2025-12-24,4.428571428571429,national
2025-12-25,4.571428571428571,national
2025-12-26,4.714285714285714,national
2025-12-27,4.857142857142857,national
2025-12-28,5.0,national
2025-12-29,4.714285714285714,national
2025-12-30,4.428571428571429,national
2025-12-31,4.142857142857143,national
2026-01-01,3.857142857142857,national
2026-01-02,3.5714285714285716,national
2026-01-03,3.2857142857142856,national
2026-01-04,3.0,national
2026-01-05,3.0,national
2026-01-06,3.0,national
2026-01-07,3.0,national
2026-01-08,3.0,national
2026-01-09,3.0,national
2026-01-10,3.0,national
2026-01-11,3.0,national
2026-01-12,4.285714285714286,national
2026-01-13,5.571428571428571,national
2026-01-14,6.857142857142858,national
2026-01-15,8.142857142857142,national
2026-01-16,9.428571428571429,national
2026-01-17,10.714285714285715,national
2026-01-18,12.0,national
2026-01-19,11.142857142857142,national
2026-01-20,10.285714285714286,national
2026-01-21,9.428571428571429,national
2026-01-22,8.571428571428571,national
2026-01-23,7.714285714285714,national
2026-01-24,6.857142857142858,national
2026-01-25,6.0,national
2026-01-26,5.857142857142857,national
2026-01-27,5.714285714285714,national
2026-01-28,5.571428571428571,national
2026-01-29,5.428571428571429,national
2026-01-30,5.285714285714286,national
2026-01-31,5.142857142857143,national
2026-02-01,5.0,national
2026-02-02,4.714285714285714,national
2026-02-03,4.428571428571429,national
2026-02-04,4.142857142857143,national
2026-02-05,3.857142857142857,national
2026-02-06,3.5714285714285716,national
2026-02-07,3.2857142857142856,national
2026-02-08,3.0,national
2026-02-09,3.142857142857143,national
2026-02-10,3.2857142857142856,national
2026-02-11,3.4285714285714284,national
2026-02-12,3.571428571428571,national
2026-02-13,3.7142857142857144,national
2026-02-14,3.857142857142857,national
2026-02-15,4.0,national
2026-02-16,4.0,national
2026-02-17,4.0,national
2026-02-18,4.0,national
2026-02-19,4.0,national
2026-02-20,4.0,national
2026-02-21,4.0,national
2026-02-22,4.0,national
2026-02-23,3.857142857142857,national
2026-02-24,3.7142857142857144,national
2026-02-25,3.5714285714285716,national
2026-02-26,3.428571428571429,national
2026-02-27,3.2857142857142856,national
2026-02-28,3.142857142857143,national
2026-03-01,3.0,national
2026-03-02,4.142857142857142,national
2026-03-03,5.285714285714286,national
2026-03-04,6.428571428571429,national
2026-03-05,7.571428571428571,national
2026-03-06,8.714285714285714,national
2026-03-07,9.857142857142858,national
2026-03-08,11.0,national
2026-03-09,9.857142857142858,national
2026-03-10,8.714285714285715,national
2026-03-11,7.571428571428571,national
2026-03-12,6.428571428571429,national
2026-03-13,5.2857142857142865,national
2026-03-14,4.142857142857143,national
2026-03-15,3.0,national
2026-03-16,3.0,national
2026-03-17,3.0,national
2026-03-18,3.0,national
2026-03-19,3.0,national
2026-03-20,3.0,national
2026-03-21,3.0,national
2026-03-22,3.0,national
2026-03-23,3.4285714285714284,national
2026-03-24,3.857142857142857,national
2026-03-25,4.285714285714286,national
2026-03-26,4.714285714285714,national
2026-03-27,5.142857142857142,national
2026-03-28,5.571428571428571,national
2026-03-29,6.0,national
