date,topic,news_sentiment,news_volume,eksi_sentiment,eksi_volume,avg_favorites,google_trends
2024-02-04,economy,,,-0.821,1.0,0.0,42.0
2024-02-05,economy,,,-0.09389999999999998,2.0,0.0,39.0
2024-02-17,economy,,,0.4876,1.0,0.0,17.571428571428573
2024-02-18,economy,0.7797,1.0,,,,17.0
2024-02-23,economy,,,-0.9653,1.0,0.0,21.285714285714285
2024-02-24,economy,,,0.26080000000000003,2.0,0.0,22.142857142857142
2024-02-25,economy,,,-0.3977,1.0,0.0,23.0
2024-02-26,economy,,,0.996,1.0,0.0,28.0
2024-02-27,economy,-0.4343,1.0,,,,33.0
2024-03-03,economy,0.9877,1.0,,,,58.0
2024-03-04,economy,0.9152,1.0,,,,53.42857142857143
2024-03-05,economy,0.974,1.0,,,,48.85714285714286
2024-03-08,economy,-0.9626,1.0,0.935,1.0,0.0,35.142857142857146
2024-03-11,economy,,,-0.97705,2.0,0.0,25.857142857142858
2024-03-12,economy,,,-0.9956,1.0,0.0,25.714285714285715
2024-03-13,economy,0.9853,1.0,0.96265,2.0,0.0,25.571428571428573
2024-03-15,economy,,,0.9612,1.0,0.0,25.285714285714285
2024-03-16,economy,,,-0.9989,1.0,0.0,25.142857142857142
2024-03-20,economy,,,-0.6262,1.0,0.0,25.857142857142858
2024-03-23,economy,,,-0.9480500000000001,2.0,0.0,26.714285714285715
2024-03-27,economy,,,-0.9935,1.0,0.0,42.85714285714286
2024-03-29,economy,,,-0.4461,1.0,0.0,53.42857142857143
2024-03-31,economy,,,-0.06695000000000001,2.0,0.0,64.0
2024-04-02,economy,,,0.7909,1.0,0.0,52.285714285714285
2024-04-07,economy,,,0.168,1.0,0.0,23.0
2024-04-10,economy,,,0.5558,1.0,0.0,26.0
2024-04-14,economy,,,-0.9854,1.0,0.0,30.0
2024-04-15,economy,,,-0.20115000000000002,6.0,0.0,29.714285714285715
2024-04-16,economy,,,0.0011000000000000454,2.0,0.0,29.428571428571427
2024-04-17,economy,,,-0.34263333333333335,3.0,0.0,29.142857142857142
2024-04-18,economy,,,-0.9987,1.0,0.0,28.857142857142858
2024-04-19,economy,,,-0.9726,1.0,0.0,28.571428571428573
2024-04-21,economy,-0.8036,1.0,0.3279,1.0,0.0,28.0
2024-04-24,economy,,,-0.2782,1.0,0.0,49.0
2024-04-26,economy,0.1258,1.0,-0.4048,1.0,0.0,63.0
2024-04-28,economy,,,-0.9405,1.0,0.0,77.0
2024-04-29,economy,,,-0.9631,1.0,0.0,70.57142857142857
2024-05-01,economy,0.9413,1.0,-0.8443,2.0,0.0,57.71428571428572
2024-05-03,economy,0.5956,1.0,,,,44.85714285714285
2024-05-04,economy,0.9696,1.0,,,,38.42857142857143
2024-05-05,economy,0.9204,1.0,-0.3169,1.0,0.0,32.0
2024-05-06,economy,0.9506,1.0,,,,31.285714285714285
2024-05-08,economy,-0.6674,1.0,,,,29.857142857142858
2024-05-09,economy,0.9152,1.0,-0.98075,2.0,0.0,29.142857142857142
2024-05-11,economy,,,-0.521525,4.0,0.0,27.714285714285715
2024-05-12,economy,,,-0.9447,1.0,0.0,27.0
2024-05-13,economy,0.2333,1.0,0.016199999999999992,2.0,0.0,26.0
2024-05-14,economy,,,-0.9188,1.0,0.0,25.0
2024-05-15,economy,,,-0.9798,2.0,0.0,24.0
2024-05-17,economy,,,-0.9408,1.0,0.0,22.0
2024-05-20,economy,,,-0.9808,1.0,0.0,20.857142857142858
2024-05-22,economy,,,-0.79725,2.0,0.0,22.57142857142857
2024-05-24,economy,,,-0.9077500000000001,2.0,0.0,24.285714285714285
2024-05-26,economy,,,-0.999,1.0,0.0,26.0
2024-05-27,economy,,,0.3247,1.0,0.0,32.285714285714285
2024-05-30,economy,,,-0.9506,1.0,0.0,51.14285714285714
2024-05-31,economy,,,-0.76275,2.0,0.0,57.42857142857143
2024-06-04,economy,,,-0.3104,1.0,0.0,56.57142857142857
2024-06-06,economy,,,-0.10416666666666664,3.0,0.0,43.14285714285714
2024-06-07,economy,0.4642,1.0,0.8839,1.0,0.0,36.42857142857143
2024-06-08,economy,,,-0.9828,1.0,0.0,29.714285714285715
2024-06-09,economy,0.8691,1.0,0.8753,1.0,0.0,23.0
2024-06-10,economy,0.3717,1.0,,,,22.142857142857142
2024-06-13,economy,-0.5599,1.0,,,,19.571428571428573
2024-06-14,economy,,,-0.8595,1.0,0.0,18.714285714285715
2024-06-16,economy,0.0917,1.0,,,,17.0
2024-06-18,economy,-0.2301,1.0,,,,20.428571428571427
2024-06-20,economy,,,0.9741,1.0,0.0,23.857142857142858
2024-06-21,economy,,,-0.9892,1.0,0.0,25.57142857142857
2024-06-23,economy,,,-0.2072,1.0,0.0,29.0
2024-06-25,economy,0.8347,1.0,-0.9953,1.0,0.0,45.85714285714286
2024-06-26,economy,0.926,1.0,0.014500000000000013,2.0,0.0,54.285714285714285
2024-06-27,economy,0.4022,1.0,0.9653,1.0,0.0,62.71428571428572
2024-06-28,economy,,,-0.9948,1.0,0.0,71.14285714285714
2024-07-01,economy,,,-0.4096,1.0,0.0,79.0
2024-07-02,economy,,,0.6185,1.0,0.0,70.0
2024-07-03,economy,,,-0.7826,1.0,0.0,61.0
2024-07-04,economy,,,0.9610000000000001,2.0,0.0,52.0
2024-07-06,economy,,,0.6185,1.0,0.0,34.0
2024-07-07,economy,0.9634499999999999,2.0,-0.0009500000000000064,2.0,0.0,25.0
2024-07-08,economy,0.966,1.0,-0.9976,1.0,0.0,23.857142857142858
2024-07-09,economy,0.8758,1.0,,,,22.714285714285715
2024-07-12,economy,,,-0.9984,1.0,0.0,19.285714285714285
2024-07-14,economy,0.9238,1.0,,,,17.0
2024-07-16,economy,,,-0.54975,2.0,0.0,17.285714285714285
2024-07-17,economy,,,0.2625,2.0,0.0,17.428571428571427
2024-07-20,economy,,,-0.8279,1.0,0.0,17.857142857142858
2024-07-21,economy,0.8266,1.0,,,,18.0
2024-07-23,economy,0.011350000000000027,2.0,,,,20.0
2024-07-24,economy,0.9968,1.0,-0.9948,1.0,0.0,21.0
2024-07-26,economy,,,-0.9739,1.0,0.0,23.0
2024-07-27,economy,,,-0.9893,1.0,0.0,24.0
2024-07-28,economy,,,0.8164,1.0,0.0,25.0
2024-07-29,economy,,,-0.98785,2.0,0.0,29.857142857142858
2024-07-30,economy,,,-0.9976,1.0,0.0,34.714285714285715
2024-08-03,economy,0.9353,1.0,,,,54.14285714285714
2024-08-05,economy,,,-0.969,1.0,0.0,55.71428571428572
2024-08-08,economy,,,0.2537,1.0,0.0,45.85714285714286
2024-08-09,economy,,,-0.8998,1.0,0.0,42.57142857142857
2024-08-10,economy,,,-0.488475,4.0,0.0,39.285714285714285
2024-08-11,economy,,,0.951,1.0,0.0,36.0
2024-08-12,economy,,,-0.9969,1.0,0.0,35.57142857142857
2024-08-13,economy,0.82,1.0,,,,35.142857142857146
2024-08-15,economy,,,-0.007949999999999957,2.0,0.0,34.285714285714285
2024-08-16,economy,,,-0.9701,1.0,0.0,33.857142857142854
2024-08-17,economy,,,-0.9736,1.0,0.0,33.42857142857143
2024-08-18,economy,0.924,1.0,-0.9981,1.0,0.0,33.0
2024-08-19,economy,,,-0.9793,1.0,0.0,31.571428571428573
2024-08-20,economy,,,-0.99005,2.0,0.0,30.142857142857142
2024-08-21,economy,,,-0.6886,1.0,0.0,28.714285714285715
2024-08-23,economy,,,-0.987,1.0,0.0,25.857142857142858
2024-08-24,economy,,,-0.3756,1.0,0.0,24.42857142857143
2024-08-26,economy,0.9037,1.0,,,,28.714285714285715
2024-08-27,economy,,,-0.93245,2.0,0.0,34.42857142857143
2024-08-28,economy,-0.227,1.0,-0.9879,1.0,0.0,40.14285714285714
2024-08-30,economy,-0.9953,1.0,,,,51.57142857142857
2024-09-02,economy,-0.99,1.0,,,,57.42857142857143
2024-09-04,economy,-0.0592,1.0,,,,46.285714285714285
2024-09-06,economy,-0.909,1.0,-0.9974,1.0,0.0,35.142857142857146
2024-09-08,economy,,,-0.997,1.0,0.0,24.0
2024-09-10,economy,-0.2364,1.0,-0.9797,1.0,0.0,21.714285714285715
2024-09-11,economy,,,-0.9385,1.0,0.0,20.571428571428573
2024-09-13,economy,,,-0.9924,1.0,0.0,18.285714285714285
2024-09-16,economy,,,0.69775,2.0,0.0,15.857142857142858
2024-09-17,economy,,,-0.8787,1.0,0.0,15.714285714285714
2024-09-18,economy,-0.9467000000000001,2.0,-0.9914,1.0,0.0,15.571428571428571
2024-09-19,economy,,,-0.2565,2.0,0.0,15.428571428571429
2024-09-20,economy,0.2799,1.0,-0.9835,1.0,0.0,15.285714285714286
2024-09-22,economy,,,-0.9937,1.0,0.0,15.0
2024-09-24,economy,0.8474,1.0,,,,27.285714285714285
2024-09-25,economy,,,-0.9735,1.0,0.0,33.42857142857143
2024-09-26,economy,-0.9976,1.0,,,,39.57142857142857
2024-09-29,economy,,,-0.9699,2.0,0.0,58.0
2024-09-30,economy,-0.18805,2.0,,,,52.85714285714285
2024-10-02,economy,,,-0.643,1.0,0.0,42.57142857142857
2024-10-03,economy,0.22183750000000002,8.0,-0.4007,3.0,0.0,37.42857142857143
2024-10-05,economy,,,0.1625,1.0,0.0,27.14285714285714
2024-10-06,economy,-0.33486666666666665,3.0,,,,22.0
2024-10-07,economy,0.5132,1.0,,,,21.428571428571427
2024-10-08,economy,,,-0.6195,1.0,0.0,20.857142857142858
2024-10-10,economy,,,-0.3212,1.0,0.0,19.714285714285715
2024-10-11,economy,-0.1655,1.0,,,,19.142857142857142
2024-10-12,economy,0.9643,1.0,-0.3115,3.0,0.0,18.571428571428573
2024-10-13,economy,0.2883,1.0,,,,18.0
2024-10-15,economy,-0.9898,1.0,0.2162,1.0,0.0,18.0
2024-10-16,economy,-0.0409,1.0,-0.9952,1.0,0.0,18.0
2024-10-18,economy,-0.3326333333333333,3.0,,,,18.0
2024-10-21,economy,,,-0.9879,1.0,0.0,18.857142857142858
2024-10-22,economy,0.0277,1.0,,,,19.714285714285715
2024-10-23,economy,,,0.5927,1.0,0.0,20.57142857142857
2024-10-24,economy,,,-0.9926,1.0,0.0,21.428571428571427
2024-10-25,economy,-0.12795,2.0,,,,22.285714285714285
2024-10-28,economy,-0.9883,2.0,,,,31.142857142857142
2024-10-29,economy,0.6588,2.0,,,,38.285714285714285
2024-10-30,economy,,,-0.12259999999999999,2.0,0.0,45.42857142857143
2024-10-31,economy,,,0.95705,2.0,0.0,52.57142857142857
2024-11-01,economy,,,-0.5435,1.0,0.0,59.71428571428572
2024-11-02,economy,,,-0.9213,3.0,0.0,66.85714285714286
2024-11-04,economy,0.178,1.0,-0.9947,1.0,0.0,68.57142857142857
2024-11-05,economy,0.968,1.0,,,,63.14285714285714
2024-11-06,economy,-0.8995,1.0,-0.8915,1.0,0.0,57.71428571428572
2024-11-11,economy,,,-0.9584,1.0,0.0,34.57142857142857
2024-11-12,economy,0.7412,1.0,-0.9399,1.0,0.0,33.142857142857146
2024-11-13,economy,0.1128,1.0,,,,31.714285714285715
2024-11-16,economy,0.9823,1.0,,,,27.42857142857143
2024-11-17,economy,,,-0.21050000000000002,2.0,0.0,26.0
2024-11-23,economy,,,-0.9968,1.0,0.0,20.857142857142858
2024-11-25,economy,,,-0.9421,1.0,0.0,28.285714285714285
2024-11-27,economy,,,-0.7895,2.0,0.0,44.85714285714286
2024-11-28,economy,-0.9387,1.0,-0.8553,1.0,0.0,53.142857142857146
2024-12-01,economy,0.5267,1.0,,,,78.0
2024-12-04,economy,0.96855,2.0,-0.9823,1.0,0.0,55.285714285714285
2024-12-05,economy,,,0.0174,2.0,0.0,47.71428571428572
2024-12-06,economy,,,-0.848,1.0,0.0,40.142857142857146
2024-12-07,economy,0.966,1.0,,,,32.57142857142857
2024-12-08,economy,0.8661,1.0,,,,25.0
2024-12-09,economy,,,-0.059250000000000025,2.0,0.0,26.714285714285715
2024-12-10,economy,0.9307,1.0,,,,28.428571428571427
2024-12-13,economy,0.9474,1.0,,,,33.57142857142857
2024-12-15,economy,,,-0.9905,1.0,0.0,37.0
2024-12-18,economy,,,-0.987,1.0,0.0,42.57142857142857
2024-12-19,economy,,,-0.9926,1.0,0.0,44.42857142857143
2024-12-21,economy,,,0.9258,1.0,0.0,48.14285714285714
2024-12-22,economy,,,-0.9969,1.0,0.0,50.0
2024-12-24,economy,,,-0.2336,1.0,0.0,60.285714285714285
2024-12-25,economy,,,-0.6620333333333334,3.0,0.0,65.42857142857143
2024-12-26,economy,0.8329,1.0,,,,70.57142857142857
2024-12-27,economy,,,-0.93645,2.0,0.0,75.71428571428572
2024-12-29,economy,,,-0.8826,1.0,0.0,86.0
2025-01-01,economy,-0.3815,2.0,,,,59.85714285714286
2025-01-02,economy,0.9796,1.0,-0.70685,2.0,0.0,51.142857142857146
2025-01-03,economy,,,-0.4344,1.0,0.0,42.42857142857143
2025-01-04,economy,,,-0.3904,1.0,0.0,33.71428571428572
2025-01-06,economy,,,-0.9457,2.0,0.0,24.428571428571427
2025-01-07,economy,,,-0.9833,1.0,0.0,23.857142857142858
2025-01-09,economy,-0.5365,1.0,-0.93295,2.0,0.0,22.714285714285715
2025-01-10,economy,0.9752,1.0,,,,22.142857142857142
2025-01-11,economy,0.1636,1.0,,,,21.571428571428573
2025-01-12,economy,0.3998,1.0,-0.7826500000000001,2.0,0.0,21.0
2025-01-13,economy,,,-0.99735,2.0,0.0,20.428571428571427
2025-01-14,economy,,,-0.9978,1.0,0.0,19.857142857142858
2025-01-15,economy,-0.3229,1.0,-0.13025000000000003,2.0,0.0,19.285714285714285
2025-01-16,economy,,,-0.4096,1.0,0.0,18.714285714285715
2025-01-17,economy,,,-0.9978,1.0,0.0,18.142857142857142
2025-01-19,economy,0.7751,1.0,-0.9926,1.0,0.0,17.0
2025-01-21,economy,,,-0.9697,1.0,0.0,18.142857142857142
2025-01-22,economy,-0.123,1.0,,,,18.714285714285715
2025-01-24,economy,,,-0.97675,2.0,0.0,19.857142857142858
2025-01-25,economy,,,-0.9979,1.0,0.0,20.428571428571427
2025-01-26,economy,,,0.9188,1.0,0.0,21.0
2025-01-27,economy,,,-0.9956,1.0,0.0,24.571428571428573
2025-01-30,economy,0.9211,1.0,-0.9948,1.0,0.0,35.285714285714285
2025-01-31,economy,,,-0.9973,1.0,0.0,38.85714285714286
2025-02-03,economy,,,-0.75325,2.0,0.0,42.142857142857146
2025-02-04,economy,,,-0.908,1.0,0.0,38.285714285714285
2025-02-05,economy,0.20549999999999996,2.0,,,,34.42857142857143
2025-02-07,economy,-0.6979,1.0,-0.3821,1.0,0.0,26.714285714285715
2025-02-11,economy,,,0.35724999999999996,2.0,0.0,18.142857142857142
2025-02-13,economy,0.4024,1.0,,,,17.285714285714285
2025-02-14,economy,,,-0.9988,1.0,0.0,16.857142857142858
2025-02-15,economy,,,0.6904,1.0,0.0,16.42857142857143
2025-02-16,economy,,,-0.9352,2.0,0.0,16.0
2025-02-17,economy,,,-0.3276333333333334,3.0,0.0,16.428571428571427
2025-02-18,economy,,,-0.9808,1.0,0.0,16.857142857142858
2025-02-19,economy,-0.118,1.0,-0.9902,1.0,0.0,17.285714285714285
2025-02-21,economy,-0.7468,1.0,,,,18.142857142857142
2025-02-22,economy,,,-0.9969,1.0,0.0,18.57142857142857
2025-02-25,economy,0.96355,2.0,,,,28.714285714285715
2025-02-28,economy,-0.9642,1.0,,,,43.285714285714285
2025-03-03,economy,,,0.7709,1.0,0.0,48.285714285714285
2025-03-04,economy,0.8822,1.0,,,,43.57142857142857
2025-03-06,economy,,,-0.8274,1.0,0.0,34.14285714285714
2025-03-08,economy,-0.0636,1.0,-0.893,1.0,0.0,24.714285714285715
2025-03-12,economy,,,-0.472,1.0,0.0,18.714285714285715
2025-03-14,economy,0.8946,1.0,,,,17.857142857142858
2025-03-16,economy,,,-0.3492,2.0,0.0,17.0
2025-03-17,economy,-0.9401,1.0,,,,17.0
2025-03-18,economy,,,-0.9974,1.0,0.0,17.0
2025-03-19,economy,,,-0.4723,2.0,0.0,17.0
2025-03-21,economy,,,0.3097,1.0,0.0,17.0
2025-03-22,economy,,,0.024749999999999994,2.0,0.0,17.0
2025-03-23,economy,0.7736,1.0,,,,17.0
2025-03-24,economy,,,0.8709,1.0,0.0,23.142857142857142
2025-03-26,economy,-0.1729,1.0,,,,35.42857142857143
2025-03-29,economy,0.81655,2.0,,,,53.85714285714286
2025-04-05,economy,,,0.637,1.0,0.0,29.14285714285714
2025-04-06,economy,,,0.989,1.0,0.0,24.0
2025-04-07,economy,-0.9739,1.0,-0.30242,5.0,0.0,24.0
2025-04-10,economy,0.953,1.0,,,,24.0
2025-04-11,economy,,,0.9759,1.0,0.0,24.0
2025-04-15,economy,-0.71165,2.0,-0.998,1.0,0.0,22.857142857142858
2025-04-16,economy,,,-0.9978,1.0,0.0,22.285714285714285
2025-04-19,economy,-0.8461,1.0,0.9855,1.0,0.0,20.571428571428573
2025-04-21,economy,,,-0.814,1.0,0.0,21.857142857142858
2025-04-22,economy,0.9692,1.0,,,,23.714285714285715
2025-04-28,economy,,,0.9148,1.0,0.0,36.142857142857146
2025-04-29,economy,,,-0.9878,1.0,0.0,39.285714285714285
2025-04-30,economy,0.4578,1.0,-0.8014,1.0,0.0,42.42857142857143
2025-05-04,economy,,,-0.9889,1.0,0.0,55.0
2025-05-05,economy,0.2549,2.0,-0.9965,1.0,0.0,50.142857142857146
2025-05-06,economy,0.2859,1.0,0.5021,1.0,0.0,45.285714285714285
2025-05-07,economy,-0.9915,1.0,,,,40.42857142857143
2025-05-08,economy,,,-0.9796,1.0,0.0,35.57142857142857
2025-05-09,economy,-0.7151,1.0,-0.29405000000000003,2.0,0.0,30.714285714285715
2025-05-10,economy,0.9877,1.0,-0.7461,1.0,0.0,25.85714285714286
2025-05-12,economy,,,-0.1362,2.0,0.0,20.857142857142858
2025-05-14,economy,0.5893,1.0,-0.35185,2.0,0.0,20.571428571428573
2025-05-15,economy,-0.1336,2.0,,,,20.428571428571427
2025-05-16,economy,-0.9751,1.0,,,,20.285714285714285
2025-05-17,economy,,,-0.9958,1.0,0.0,20.142857142857142
2025-05-19,economy,,,-0.43474,5.0,0.0,20.142857142857142
2025-05-20,economy,,,-0.9979,1.0,0.0,20.285714285714285
2025-05-21,economy,,,0.6229,1.0,0.0,20.428571428571427
2025-05-22,economy,,,-0.5821000000000001,2.0,0.0,20.571428571428573
2025-05-23,economy,-0.06255,2.0,,,,20.714285714285715
2025-05-27,economy,,,0.3512,1.0,0.0,35.85714285714286
2025-05-28,economy,-0.9568,1.0,,,,43.285714285714285
2025-05-31,economy,,,-0.4164,1.0,0.0,65.57142857142857
2025-06-01,economy,,,-0.9959,1.0,0.0,73.0
2025-06-02,economy,0.719,1.0,,,,66.0
2025-06-04,economy,0.02529999999999999,2.0,-0.5943333333333333,3.0,0.0,52.0
2025-06-05,economy,0.62526,5.0,,,,45.0
2025-06-06,economy,0.6232,4.0,,,,38.0
2025-06-07,economy,,,0.983,1.0,0.0,31.0
2025-06-08,economy,-0.9899,1.0,,,,24.0
2025-06-12,economy,,,-0.70624,5.0,0.0,23.428571428571427
2025-06-13,economy,-0.9913,1.0,-0.5109714285714285,14.0,0.0,23.285714285714285
2025-06-14,economy,,,-0.9663,1.0,0.0,23.142857142857142
2025-06-15,economy,,,0.9394,1.0,0.0,23.0
2025-06-16,economy,,,-0.9536,1.0,0.0,23.714285714285715
2025-06-17,economy,0.3254,1.0,-0.9849,1.0,0.0,24.428571428571427
2025-06-18,economy,,,-0.7845,1.0,0.0,25.142857142857142
2025-06-19,economy,-0.1741,1.0,,,,25.857142857142858
2025-06-20,economy,,,-0.3103333333333333,3.0,0.0,26.571428571428573
2025-06-21,economy,-0.8164,1.0,,,,27.285714285714285
2025-06-23,economy,,,0.7505,1.0,0.0,38.285714285714285
2025-06-24,economy,,,0.97235,2.0,0.0,48.57142857142857
2025-06-25,economy,,,-0.9887,2.0,0.0,58.85714285714286
2025-06-26,economy,-0.2994,1.0,,,,69.14285714285714
2025-06-27,economy,,,-0.9647,1.0,0.0,79.42857142857143
2025-06-28,economy,0.3125,1.0,,,,89.71428571428572
2025-06-29,economy,0.7807999999999999,2.0,,,,100.0
2025-06-30,economy,-0.2258,1.0,-0.47396666666666665,3.0,0.0,87.71428571428571
2025-07-01,economy,,,-0.9629,1.0,0.0,75.42857142857143
2025-07-02,economy,0.9702500000000001,2.0,,,,63.14285714285714
2025-07-03,economy,-0.1143,1.0,,,,50.85714285714285
2025-07-04,economy,,,0.32086000000000003,5.0,0.0,38.57142857142857
2025-07-06,economy,,,-0.9015500000000001,2.0,0.0,14.0
2025-07-07,economy,-0.311,1.0,-0.23386,5.0,0.0,14.857142857142858
2025-07-08,economy,-0.9206,1.0,-0.8850333333333333,3.0,0.0,15.714285714285714
2025-07-09,economy,0.9928,1.0,0.8289,1.0,0.0,16.57142857142857
2025-07-11,economy,,,-0.49556000000000006,5.0,0.0,18.285714285714285
2025-07-13,economy,-0.9404,1.0,,,,20.0
2025-07-14,economy,,,-0.3084666666666666,3.0,0.0,19.142857142857142
2025-07-15,economy,,,-0.85195,2.0,0.0,18.285714285714285
2025-07-16,economy,-0.9377,1.0,-0.6955,1.0,0.0,17.42857142857143
2025-07-18,economy,-0.9892,1.0,-0.9947,1.0,0.0,15.714285714285715
2025-07-19,economy,,,-0.9318,1.0,0.0,14.857142857142858
2025-07-20,economy,0.7139,2.0,,,,14.0
2025-07-23,economy,,,0.9963,1.0,0.0,14.857142857142858
2025-07-25,economy,,,-0.6797,1.0,0.0,15.428571428571429
2025-07-26,economy,,,-0.891,1.0,0.0,15.714285714285714
2025-07-27,economy,0.9336666666666668,3.0,-0.04395000000000002,2.0,0.0,16.0
2025-07-28,economy,0.5557,1.0,-0.9774,1.0,0.0,18.428571428571427
2025-07-29,economy,,,-0.5531999999999999,2.0,0.0,20.857142857142858
2025-07-31,economy,0.9669,1.0,,,,25.714285714285715
2025-08-01,economy,-0.9518,1.0,,,,28.142857142857142
2025-08-02,economy,,,-0.48805,4.0,0.0,30.57142857142857
2025-08-03,economy,,,0.9916,1.0,0.0,33.0
2025-08-04,economy,,,-0.36116666666666664,3.0,0.0,30.714285714285715
2025-08-06,economy,0.8298,1.0,,,,26.142857142857142
2025-08-07,economy,0.9649,1.0,,,,23.857142857142858
2025-08-10,economy,-0.8111,1.0,-0.9796333333333332,3.0,0.0,17.0
2025-08-12,economy,0.955,1.0,-0.9224,1.0,0.0,16.142857142857142
2025-08-13,economy,,,-0.69735,2.0,0.0,15.714285714285715
2025-08-14,economy,0.4399,1.0,,,,15.285714285714286
2025-08-15,economy,0.952,1.0,-0.9736,1.0,0.0,14.857142857142858
2025-08-20,economy,,,-0.3399,1.0,0.0,16.57142857142857
2025-08-21,economy,,,-0.393875,4.0,0.0,17.428571428571427
2025-08-22,economy,-0.7342500000000001,2.0,-0.6840558139534884,43.0,0.0,18.285714285714285
2025-08-23,economy,,,-0.5909055555555556,18.0,0.0,19.142857142857142
2025-08-24,economy,0.8285,1.0,0.36385,2.0,0.0,20.0
2025-08-26,economy,0.9305,1.0,-0.7476,1.0,0.0,27.142857142857142
2025-08-27,economy,,,0.2498,3.0,0.0,30.714285714285715
2025-08-28,economy,0.7918,1.0,,,,34.285714285714285
2025-08-30,economy,,,-0.08905000000000002,2.0,0.0,41.42857142857143
2025-08-31,economy,0.9843,1.0,,,,45.0
2025-09-01,economy,0.8188333333333334,3.0,0.007099999999999995,2.0,0.0,40.71428571428572
2025-09-02,economy,0.0681,2.0,0.04175000000000001,2.0,0.0,36.42857142857143
2025-09-03,economy,,,-0.512525,4.0,0.0,32.14285714285714
2025-09-04,economy,0.5415,1.0,-0.9811,1.0,0.0,27.857142857142858
2025-09-05,economy,,,-0.9646333333333333,3.0,0.0,23.571428571428573
2025-09-07,economy,0.9866,1.0,-0.13249999999999998,3.0,0.0,15.0
2025-09-08,economy,-0.37385,2.0,-0.792,2.0,0.0,14.571428571428571
2025-09-10,economy,,,0.3004,1.0,0.0,13.714285714285715
2025-09-11,economy,0.5458999999999999,2.0,,,,13.285714285714286
2025-09-14,economy,-0.052549999999999986,2.0,,,,12.0
2025-09-16,economy,-0.61,1.0,,,,12.0
2025-09-17,economy,0.4466,1.0,,,,12.0
2025-09-18,economy,0.2766,1.0,-0.9857,1.0,0.0,12.0
2025-09-19,economy,,,-0.8988,1.0,0.0,12.0
2025-09-21,economy,-0.9565,1.0,,,,12.0
2025-09-24,economy,-0.4602,1.0,-0.36574999999999996,2.0,0.0,28.285714285714285
2025-09-26,economy,,,-0.3985,1.0,0.0,39.142857142857146
2025-09-27,economy,0.10054999999999997,2.0,,,,44.57142857142857
2025-09-29,economy,,,-0.3212888888888889,9.0,0.0,45.71428571428572
2025-09-30,economy,,,-0.9933,1.0,0.0,41.42857142857143
2025-10-02,economy,0.9571,1.0,,,,32.85714285714286
2025-10-04,economy,,,-0.9568,2.0,0.0,24.285714285714285
2025-10-05,economy,,,-0.9843999999999999,2.0,0.0,20.0
2025-10-06,economy,-0.5562,1.0,,,,19.571428571428573
2025-10-12,economy,0.28026666666666666,3.0,,,,17.0
2025-10-13,economy,,,-0.9858,1.0,0.0,17.285714285714285
2025-10-14,economy,,,-0.82035,4.0,0.0,17.571428571428573
2025-10-15,economy,-0.7934000000000001,3.0,,,,17.857142857142858
2025-10-16,economy,-0.3499,1.0,-0.99165,2.0,0.0,18.142857142857142
2025-10-17,economy,,,-0.8582857142857143,7.0,0.0,18.428571428571427
2025-10-18,economy,,,0.7639,1.0,0.0,18.714285714285715
2025-10-19,economy,0.8787,1.0,,,,19.0
2025-10-22,economy,,,-0.9927999999999999,3.0,0.0,19.857142857142858
2025-10-23,economy,0.7975,3.0,-0.9742,1.0,0.0,20.142857142857142
2025-10-24,economy,,,-0.95565,2.0,0.0,20.428571428571427
2025-10-25,economy,,,-0.9369,2.0,0.0,20.714285714285715
2025-10-26,economy,0.10944999999999999,2.0,-0.01545000000000002,2.0,0.0,21.0
2025-10-27,economy,,,-0.438725,4.0,0.0,27.0
2025-10-28,economy,0.0065,1.0,0.789,1.0,0.0,33.0
2025-10-29,economy,0.7197,1.0,,,,39.0
2025-10-30,economy,,,0.3815,1.0,0.0,45.0
2025-10-31,economy,-0.086,1.0,,,,51.0
2025-11-02,economy,0.3615,2.0,,,,63.0
2025-11-03,economy,0.9809,1.0,-0.1833,3.0,0.0,56.57142857142857
2025-11-04,economy,,,-0.9833000000000001,2.0,0.0,50.14285714285714
2025-11-05,economy,,,-0.2940333333333333,3.0,0.0,43.71428571428572
2025-11-06,economy,,,-0.9958333333333332,3.0,0.0,37.285714285714285
2025-11-07,economy,0.9974,1.0,-0.9411,2.0,0.0,30.85714285714285
2025-11-08,economy,,,0.3147,1.0,0.0,24.42857142857143
2025-11-09,economy,,,-0.5426333333333333,3.0,0.0,18.0
2025-11-10,economy,0.81,1.0,-0.76195,2.0,0.0,18.0
2025-11-11,economy,0.975,1.0,-0.7561,1.0,0.0,18.0
2025-11-12,economy,0.8973,1.0,-0.4452999999999999,5.0,0.0,18.0
2025-11-13,economy,-0.4775,1.0,,,,18.0
2025-11-14,economy,,,-0.21904999999999997,2.0,0.0,18.0
2025-11-16,economy,,,-0.3783,1.0,0.0,18.0
2025-11-17,economy,0.7708,1.0,,,,18.428571428571427
2025-11-18,economy,,,-0.7744,1.0,0.0,18.857142857142858
2025-11-19,economy,0.80995,2.0,-0.08527499999999999,4.0,0.0,19.285714285714285
2025-11-20,economy,0.7715,1.0,,,,19.714285714285715
2025-11-21,economy,,,-0.9103,1.0,0.0,20.142857142857142
2025-11-22,economy,0.7026,1.0,,,,20.57142857142857
2025-11-24,economy,,,-0.37766666666666665,3.0,0.0,29.0
2025-11-25,economy,0.6135,1.0,,,,37.0
2025-11-26,economy,0.1233,1.0,-0.16984999999999997,4.0,0.0,45.0
2025-11-27,economy,-0.9529,1.0,-0.9583,1.0,0.0,53.0
2025-11-29,economy,0.8795,1.0,-0.9918,1.0,0.0,69.0
2025-11-30,economy,0.1245,2.0,-0.1916,1.0,0.0,77.0
2025-12-02,economy,0.9559,1.0,,,,62.14285714285714
2025-12-03,economy,0.0356,1.0,-0.9684,1.0,0.0,54.71428571428572
2025-12-04,economy,,,-0.9942,1.0,0.0,47.285714285714285
2025-12-05,economy,,,0.00649999999999995,2.0,0.0,39.85714285714285
2025-12-07,economy,-0.1864,1.0,0.3569,1.0,0.0,25.0
2025-12-08,economy,0.957,1.0,,,,24.428571428571427
2025-12-09,economy,0.6481,1.0,0.007400000000000018,2.0,0.0,23.857142857142858
2025-12-10,economy,-0.08809999999999996,2.0,-0.444125,4.0,0.0,23.285714285714285
2025-12-11,economy,0.8182499999999999,4.0,-0.24664999999999998,2.0,0.0,22.714285714285715
2025-12-12,economy,0.43210000000000004,2.0,-0.9478,1.0,0.0,22.142857142857142
2025-12-13,economy,0.19076666666666667,3.0,-0.6703,1.0,0.0,21.571428571428573
2025-12-14,economy,0.6647,1.0,-0.9957,1.0,0.0,21.0
2025-12-15,economy,-0.95655,2.0,,,,22.571428571428573
2025-12-16,economy,,,0.9873,1.0,0.0,24.142857142857142
2025-12-17,economy,,,0.9889,1.0,0.0,25.714285714285715
2025-12-18,economy,0.8329,1.0,-0.8096,3.0,0.0,27.285714285714285
2025-12-19,economy,,,-0.991,1.0,0.0,28.857142857142858
2025-12-20,economy,,,-0.8091333333333334,3.0,0.0,30.42857142857143
2025-12-22,economy,0.4047,1.0,-0.9356,1.0,0.0,32.142857142857146
2025-12-23,economy,0.56824,5.0,,,,32.285714285714285
2025-12-24,economy,0.5495666666666666,3.0,,,,32.42857142857143
2025-12-25,economy,0.4995,1.0,-0.38093333333333335,3.0,0.0,32.57142857142857
2025-12-26,economy,0.94845,2.0,-0.10815000000000002,2.0,0.0,32.714285714285715
2025-12-27,economy,-0.11515000000000003,2.0,-0.7130000000000001,2.0,0.0,32.857142857142854
2025-12-30,economy,0.9909,1.0,,,,41.285714285714285
2026-01-02,economy,-0.6158,1.0,-0.7218249999999999,4.0,0.0,53.71428571428572
2026-01-03,economy,,,-0.926,1.0,0.0,57.85714285714286
2026-01-04,economy,0.1945,1.0,,,,62.0
2026-01-05,economy,0.9466,1.0,-0.1867,3.0,0.0,55.42857142857143
2026-01-06,economy,0.5968,1.0,0.6542,1.0,0.0,48.85714285714286
2026-01-07,economy,,,-0.9924,1.0,0.0,42.285714285714285
2026-01-08,economy,-0.036849999999999994,2.0,0.10825000000000001,2.0,0.0,35.714285714285715
2026-01-09,economy,0.5704,2.0,-0.63175,2.0,0.0,29.142857142857142
2026-01-10,economy,0.8146,1.0,,,,22.57142857142857
2026-01-11,economy,0.83195,2.0,,,,16.0
2026-01-12,economy,,,0.9466,1.0,0.0,15.571428571428571
2026-01-13,economy,-0.8871,2.0,0.017233333333333323,3.0,0.0,15.142857142857142
2026-01-14,economy,0.47845,2.0,0.7774,1.0,0.0,14.714285714285715
2026-01-15,economy,-0.06839999999999999,5.0,-0.9956,1.0,0.0,14.285714285714286
2026-01-16,economy,-0.016649999999999998,2.0,-0.04866000000000002,5.0,0.0,13.857142857142858
2026-01-17,economy,-0.030799999999999994,3.0,-0.9967333333333332,3.0,0.0,13.428571428571429
2026-01-18,economy,0.24195,2.0,-0.4095666666666667,3.0,0.0,13.0
2026-01-19,economy,-0.25820000000000004,3.0,0.8615,1.0,0.0,13.428571428571429
2026-01-20,economy,-0.1952,3.0,,,,13.857142857142858
2026-01-21,economy,0.40227500000000005,4.0,-0.9966,1.0,0.0,14.285714285714285
2026-01-22,economy,0.7663636363636364,11.0,0.9569,1.0,0.0,14.714285714285714
2026-01-23,economy,0.05255000000000001,2.0,-0.9157,1.0,0.0,15.142857142857142
2026-01-24,economy,0.6282,2.0,-0.28772000000000003,5.0,0.0,15.571428571428571
2026-01-25,economy,-0.995,1.0,,,,16.0
2026-01-26,economy,-0.18323333333333333,3.0,,,,19.0
2026-01-27,economy,0.7252,1.0,-0.9946,1.0,0.0,22.0
2026-01-28,economy,,,-0.6512,1.0,0.0,25.0
2026-01-29,economy,0.966,1.0,-0.892825,4.0,0.0,28.0
2026-01-30,economy,0.11789999999999998,4.0,-0.560575,4.0,0.0,31.0
2026-01-31,economy,0.295,2.0,,,,34.0
2026-02-01,economy,0.9164666666666667,3.0,-0.947,1.0,0.0,37.0
2026-02-02,economy,0.8147,1.0,0.0509,2.0,0.0,34.0
2026-02-03,economy,-0.11332500000000001,8.0,,,,31.0
2026-02-04,economy,-0.2852666666666666,3.0,,,,28.0
2026-02-05,economy,0.9778,1.0,-0.3591333333333333,3.0,0.0,25.0
2026-02-06,economy,-0.045399999999999996,2.0,,,,22.0
2026-02-07,economy,0.09079999999999999,2.0,-0.9884,1.0,0.0,19.0
2026-02-08,economy,0.11227499999999999,4.0,-0.9985,1.0,0.0,16.0
2026-02-09,economy,-0.1013,1.0,-0.9642,1.0,0.0,15.142857142857142
2026-02-10,economy,0.5207666666666667,3.0,-0.041600000000000026,2.0,0.0,14.285714285714286
2026-02-11,economy,0.5132,3.0,-0.9407,1.0,0.0,13.428571428571429
2026-02-12,economy,0.1233,1.0,,,,12.571428571428571
2026-02-13,economy,0.6342,1.0,0.7004,1.0,0.0,11.714285714285715
2026-02-14,economy,0.3339,2.0,,,,10.857142857142858
2026-02-15,economy,-0.91815,2.0,-0.8538,1.0,0.0,10.0
2026-02-16,economy,-0.892275,4.0,-0.5832875,8.0,0.0,10.142857142857142
2026-02-17,economy,-0.9939,1.0,-0.9500333333333333,3.0,0.0,10.285714285714286
2026-02-18,economy,0.6001666666666666,3.0,-0.38963333333333333,3.0,0.0,10.428571428571429
2026-02-19,economy,-0.3531,1.0,,,,10.571428571428571
2026-02-20,economy,0.69175,2.0,,,,10.714285714285714
2026-02-21,economy,0.5443,5.0,,,,10.857142857142858
2026-02-22,economy,0.4438,3.0,,,,11.0
2026-02-23,economy,-0.59265,2.0,-0.2719,1.0,0.0,15.0
2026-02-24,economy,-0.27235000000000004,2.0,,,,19.0
2026-02-25,economy,0.6711,1.0,,,,23.0
2026-02-26,economy,-0.5027166666666666,6.0,,,,27.0
2026-02-27,economy,0.201225,4.0,,,,31.0
2026-02-28,economy,0.5392666666666667,3.0,0.9293,1.0,0.0,35.0
2026-03-01,economy,-0.20320000000000002,3.0,-0.9214,1.0,0.0,39.0
2026-03-02,economy,0.6060058823529412,17.0,,,,35.142857142857146
2026-03-03,economy,-0.004628571428571411,7.0,-0.7837799999999999,5.0,0.0,31.285714285714285
2026-03-04,economy,,,-0.9451333333333333,3.0,0.0,27.42857142857143
2026-03-05,economy,0.81585,2.0,-0.976,2.0,0.0,23.57142857142857
2026-03-06,economy,0.43106,5.0,-0.9873,1.0,0.0,19.714285714285715
2026-03-07,economy,-0.227025,4.0,0.6694,1.0,0.0,15.857142857142858
2026-03-08,economy,0.0019500000000000073,2.0,0.9935,1.0,0.0,12.0
2026-03-09,economy,0.398,1.0,-0.981,1.0,0.0,11.857142857142858
2026-03-10,economy,0.052280000000000014,5.0,-0.25046666666666667,3.0,0.0,11.714285714285714
2026-03-11,economy,0.634375,4.0,,,,11.571428571428571
2026-03-12,economy,0.5466599999999999,10.0,-0.9971,1.0,0.0,11.428571428571429
2026-03-13,economy,0.5614,5.0,-0.46785,4.0,0.0,11.285714285714286
2026-03-14,economy,0.31066666666666665,3.0,,,,11.142857142857142
2026-03-15,economy,-0.5009,1.0,,,,11.0
2026-03-16,economy,0.93275,2.0,-0.9743333333333334,3.0,0.0,11.857142857142858
2026-03-17,economy,0.44805000000000006,4.0,-0.9477,1.0,0.0,12.714285714285714
2026-03-18,economy,0.04845000000000001,2.0,-0.7238,1.0,0.0,13.571428571428571
2026-03-19,economy,,,-0.2572,1.0,0.0,14.428571428571429
2026-03-20,economy,0.2257,2.0,,,,15.285714285714285
2026-03-21,economy,,,-0.9684999999999999,2.0,0.0,16.142857142857142
2026-03-22,economy,,,-0.1951,1.0,0.0,17.0
2026-03-23,economy,-0.038500000000000034,2.0,-0.9378000000000001,3.0,0.0,23.142857142857142
2026-03-24,economy,-0.135,3.0,-0.80865,4.0,0.0,29.285714285714285
2026-03-25,economy,0.6033833333333333,6.0,-0.9816,2.0,0.0,35.42857142857143
2026-03-26,economy,0.14903750000000002,8.0,-0.007500000000000007,2.0,0.0,41.57142857142857
2026-03-27,economy,0.2977,2.0,-0.6456,2.0,0.0,47.71428571428572
2026-03-28,economy,-0.70065,2.0,-0.9718,1.0,0.0,53.85714285714286
2026-03-29,economy,0.055300000000000016,2.0,,,,60.0
2026-03-30,economy,-0.30673333333333336,3.0,-0.9683,1.0,0.0,
2026-03-31,economy,0.3899142857142857,7.0,0.8192666666666666,3.0,0.0,
2026-04-01,economy,0.38165,6.0,-0.9942,1.0,0.0,
2026-04-02,economy,-0.186225,4.0,,,,
2026-04-03,economy,0.42517777777777777,9.0,,,,
2026-04-04,economy,0.38976,5.0,,,,
2026-04-05,economy,-0.10244999999999999,12.0,0.9729,1.0,0.0,
2026-04-06,economy,0.387,2.0,,,,
2026-04-07,economy,0.6416875,8.0,-0.9861500000000001,2.0,0.0,
2026-04-08,economy,0.5027,4.0,-0.7267,1.0,0.0,
2026-04-09,economy,0.14312857142857144,7.0,0.15665,2.0,0.0,
2026-04-10,economy,0.0049000000000000155,4.0,9.999999999998899e-05,2.0,0.0,
2026-04-11,economy,-0.1875,2.0,,,,
2026-04-12,economy,0.8742,1.0,-0.16895000000000004,2.0,0.0,
2026-04-13,economy,0.347625,4.0,,,,
2026-04-14,economy,0.35402500000000003,12.0,,,,
2026-04-15,economy,-0.07815,8.0,-0.981,1.0,0.0,
2026-04-16,economy,0.8231333333333333,3.0,-0.867,1.0,0.0,
2026-04-17,economy,0.620825,4.0,-0.54635,4.0,0.0,
2026-04-18,economy,0.8357666666666667,3.0,,,,
2026-04-19,economy,0.14684000000000003,5.0,,,,
2026-04-20,economy,0.3393333333333334,9.0,-0.9948,1.0,0.0,
2026-04-21,economy,0.09624285714285716,7.0,-0.2022,1.0,0.0,
2026-04-22,economy,0.3910411764705883,17.0,-0.9667,3.0,0.0,
2026-04-23,economy,0.36368333333333336,6.0,-0.89975,2.0,0.0,
2026-04-24,economy,0.777625,4.0,,,,
2026-04-25,economy,-0.08688333333333335,6.0,-0.5685833333333333,6.0,0.0,
2026-04-26,economy,0.632925,8.0,,,,
2026-04-27,economy,0.35792857142857143,7.0,-0.9838333333333334,3.0,0.0,
2026-04-28,economy,0.37105,4.0,,,,
2026-04-29,economy,0.048920000000000005,20.0,-0.9459,1.0,0.0,
2026-04-30,economy,0.3457571428571429,14.0,-0.9823333333333334,3.0,0.0,
2026-05-01,economy,0.58308,5.0,0.06969999999999998,2.0,0.0,
2026-05-02,economy,0.6751125,8.0,,,,
2026-05-03,economy,-0.19642500000000002,4.0,0.9708,1.0,0.0,
2026-05-04,economy,0.1636125,16.0,,,,
2026-05-05,economy,0.34349230769230776,13.0,0.24632500000000004,4.0,0.0,
2026-05-06,economy,0.7761777777777777,9.0,,,,
2026-05-07,economy,0.6998333333333333,6.0,,,,
2026-05-08,economy,0.12105000000000003,6.0,0.356,1.0,0.0,
2026-05-09,economy,0.28453333333333336,3.0,-0.7917,1.0,0.0,
2026-05-10,economy,-0.04006666666666667,12.0,-0.3839666666666666,3.0,0.0,
2026-05-11,economy,-0.3355,1.0,-0.835975,4.0,0.0,
2026-05-12,economy,0.095025,8.0,-0.9956499999999999,2.0,0.0,
2026-05-13,economy,0.8456285714285715,7.0,,,,
2026-05-14,economy,0.007499999999999999,7.0,,,,
2026-05-15,economy,0.0602,14.0,0.0625,2.0,0.0,
2026-05-16,economy,-0.44505,2.0,,,,
2026-05-17,economy,-0.45830000000000004,5.0,0.061,2.0,0.0,
2026-05-18,economy,0.18820625,32.0,-0.6033999999999999,2.0,0.0,
2026-05-19,economy,0.27961111111111114,9.0,,,,
2026-05-20,economy,-0.3199666666666666,9.0,,,,
2026-05-21,economy,-0.009523076923076924,13.0,,,,
2026-05-22,economy,0.16626153846153846,13.0,-0.9856,1.0,0.0,
2026-05-23,economy,0.2517,11.0,,,,
2026-05-24,economy,0.32633999999999996,10.0,0.005199999999999982,2.0,0.0,
2026-05-25,economy,0.24275294117647062,17.0,-0.33266666666666667,3.0,0.0,
2026-05-26,economy,0.1987421052631579,19.0,,,,
2026-05-27,economy,0.2823454545454545,11.0,,,,
2026-05-28,economy,0.21189230769230769,13.0,,,,
2026-05-29,economy,0.05203684210526315,19.0,-0.0018499999999999628,2.0,0.0,
2026-05-30,economy,0.47409999999999997,17.0,-0.49876666666666675,3.0,0.0,
2026-05-31,economy,0.31254117647058827,17.0,,,,
2026-06-01,economy,0.2476575,40.0,-0.6411833333333333,6.0,0.0,
2026-06-02,economy,0.2419142857142857,21.0,-0.9978,1.0,0.0,
2026-06-03,economy,0.05931621621621622,37.0,-0.55055,4.0,0.0,
2026-06-04,economy,0.22194736842105262,38.0,-0.01739999999999997,2.0,0.0,
2026-06-05,economy,0.3903881355932204,59.0,0.90455,2.0,0.0,
2026-06-06,economy,0.2784730769230769,26.0,-0.9979,1.0,0.0,
2026-06-07,economy,0.5538150000000001,60.0,,,,
2026-06-08,economy,0.22627037037037037,54.0,-0.0403,2.0,0.0,
2026-06-09,economy,0.270753125,32.0,-0.9808333333333333,3.0,0.0,
2026-06-10,economy,0.34582250000000003,40.0,-0.88856,5.0,0.0,
2026-06-11,economy,0.45425,74.0,-0.9851,1.0,0.0,
2026-06-12,economy,0.2086111111111111,36.0,,,,
2026-06-13,economy,-0.01187222222222222,36.0,-0.3575333333333333,3.0,0.0,
2026-06-14,economy,0.19883555555555554,45.0,0.2606,1.0,0.0,
2026-06-15,economy,0.18783023255813955,86.0,-0.9921,1.0,0.0,
2026-06-16,economy,0.18219345794392525,107.0,,,,
2026-06-17,economy,0.28124718309859154,142.0,-0.027249999999999996,2.0,0.0,
2026-06-18,economy,0.34884331797235024,217.0,,,,
2026-06-19,economy,0.21965487804878048,492.0,,,,
2026-06-20,economy,0.21205384615384615,13.0,,,,
2024-01-27,national,-0.1305,1.0,,,,44.14285714285714
2024-02-02,national,,,-0.995,1.0,0.0,40.85714285714285
2024-02-04,national,-0.8167,1.0,,,,42.0
2024-02-05,national,-0.9918,1.0,0.8969,1.0,0.0,40.142857142857146
2024-02-06,national,0.35345,2.0,,,,38.285714285714285
2024-02-07,national,-0.0798,1.0,,,,36.42857142857143
2024-02-09,national,,,0.7925500000000001,2.0,0.0,32.714285714285715
2024-02-14,national,,,-0.7678,1.0,0.0,31.142857142857142
2024-02-19,national,,,-0.8683000000000001,2.0,0.0,33.714285714285715
2024-02-21,national,0.9785,1.0,,,,33.142857142857146
2024-02-28,national,0.9907,1.0,,,,61.14285714285714
2024-03-05,national,,,0.7669,1.0,0.0,81.42857142857143
2024-03-10,national,,,0.7336,1.0,0.0,35.0
2024-03-12,national,0.9835,1.0,,,,33.285714285714285
2024-03-20,national,,,0.3478,1.0,0.0,28.142857142857142
2024-03-23,national,,,0.1624,1.0,0.0,27.285714285714285
2024-04-01,national,,,0.9902,1.0,0.0,22.285714285714285
2024-04-04,national,,,0.6971,1.0,0.0,20.142857142857142
2024-04-07,national,,,0.9873,1.0,0.0,18.0
2024-04-08,national,0.9487,1.0,0.4382,1.0,0.0,25.42857142857143
2024-04-10,national,0.99,1.0,,,,40.285714285714285
2024-04-11,national,0.7209,1.0,,,,47.71428571428572
2024-04-18,national,-0.7472,1.0,,,,46.57142857142857
2024-04-19,national,-0.88825,2.0,,,,40.71428571428572
2024-04-20,national,0.8715,1.0,,,,34.85714285714286
2024-04-23,national,0.9812,1.0,,,,26.428571428571427
2024-04-24,national,-0.06015000000000004,2.0,,,,25.142857142857142
2024-05-05,national,,,-0.2266,1.0,0.0,16.0
2024-05-12,national,-0.0021,1.0,0.8179,1.0,0.0,15.0
2024-05-14,national,0.9119,1.0,,,,16.428571428571427
2024-05-25,national,,,-0.9863,1.0,0.0,20.0
2024-06-02,national,,,-0.9709,1.0,0.0,18.0
2024-06-05,national,,,0.7105,1.0,0.0,18.857142857142858
2024-06-13,national,0.9498,1.0,,,,18.285714285714285
2024-06-20,national,0.441,2.0,,,,30.142857142857142
2024-06-21,national,0.1902,1.0,0.9278,1.0,0.0,33.42857142857143
2024-06-25,national,-0.9798,1.0,,,,32.57142857142857
2024-06-26,national,-0.2833,2.0,,,,28.857142857142858
2024-06-30,national,,,0.2324,1.0,0.0,14.0
2024-07-01,national,,,0.3606,2.0,0.0,16.285714285714285
2024-07-03,national,-0.4921,1.0,,,,20.857142857142858
2024-07-08,national,0.6777,2.0,,,,30.0
2024-07-15,national,0.2313,1.0,,,,30.142857142857142
2024-07-31,national,,,0.9587,1.0,0.0,24.428571428571427
2024-08-03,national,,,0.7289,1.0,0.0,27.857142857142858
2024-08-04,national,-0.4412,1.0,0.884,1.0,0.0,29.0
2024-08-05,national,,,-0.9688,1.0,0.0,31.142857142857142
2024-08-06,national,,,-0.5375,1.0,0.0,33.285714285714285
2024-08-07,national,,,-0.9881,1.0,0.0,35.42857142857143
2024-08-08,national,,,-0.6174,1.0,0.0,37.57142857142857
2024-08-12,national,-0.826,1.0,,,,41.285714285714285
2024-08-14,national,0.2732,1.0,,,,35.85714285714286
2024-08-16,national,-0.4672,1.0,-0.9889,1.0,0.0,30.428571428571427
2024-08-17,national,,,0.9967,1.0,0.0,27.714285714285715
2024-08-18,national,,,-0.9897,1.0,0.0,25.0
2024-08-19,national,,,-0.5514,1.0,0.0,23.571428571428573
2024-08-20,national,-0.8582,1.0,,,,22.142857142857142
2024-08-21,national,-0.6437,1.0,,,,20.714285714285715
2024-09-01,national,0.1772,1.0,,,,27.0
2024-09-03,national,,,0.9897,1.0,0.0,24.142857142857142
2024-09-05,national,,,-0.9083,1.0,0.0,21.285714285714285
2024-09-06,national,-0.1263,1.0,,,,19.857142857142858
2024-09-07,national,0.9847,1.0,,,,18.42857142857143
2024-09-09,national,0.8721,1.0,-0.8195,1.0,0.0,16.714285714285715
2024-09-12,national,0.3847,1.0,,,,15.857142857142858
2024-09-13,national,,,0.15795000000000003,2.0,0.0,15.571428571428571
2024-09-16,national,,,0.2515,1.0,0.0,14.857142857142858
2024-09-17,national,-0.5187,1.0,,,,14.714285714285714
2024-09-19,national,0.5535,1.0,,,,14.428571428571429
2024-09-20,national,,,-0.9817,1.0,0.0,14.285714285714286
2024-09-23,national,-0.8744,1.0,,,,12.571428571428571
2024-09-25,national,,,-0.04425000000000001,2.0,0.0,9.714285714285715
2024-09-26,national,-0.004600000000000011,3.0,,,,8.285714285714285
2024-09-27,national,,,-0.5677,1.0,0.0,6.857142857142857
2024-09-28,national,,,-0.8121,1.0,0.0,5.428571428571429
2024-09-29,national,,,-0.995,1.0,0.0,4.0
2024-10-02,national,,,0.7192,1.0,0.0,4.0
2024-10-05,national,0.596,1.0,,,,4.0
2024-10-06,national,,,0.17485,2.0,0.0,4.0
2024-10-08,national,,,-0.9967,1.0,0.0,8.571428571428571
2024-10-09,national,0.1829,1.0,,,,10.857142857142858
2024-10-16,national,,,-0.8275,4.0,0.0,13.142857142857142
2024-10-17,national,-0.4647,1.0,,,,10.857142857142858
2024-10-18,national,,,-0.5845,1.0,0.0,8.571428571428573
2024-10-22,national,,,0.9944,1.0,0.0,5.428571428571429
2024-10-23,national,0.6217,1.0,-0.9973,1.0,0.0,6.142857142857142
2024-10-24,national,-0.8314,1.0,,,,6.857142857142858
2024-10-25,national,0.1987,1.0,,,,7.571428571428571
2024-10-28,national,,,-0.3001,1.0,0.0,8.571428571428571
2024-10-31,national,0.9948,1.0,,,,7.285714285714286
2024-11-03,national,,,-0.9847,1.0,0.0,6.0
2024-11-05,national,,,0.5454,1.0,0.0,6.285714285714286
2024-11-12,national,-0.2388,2.0,-0.8856,1.0,0.0,5.857142857142858
2024-11-15,national,,,-0.6791,1.0,0.0,4.142857142857143
2024-11-20,national,-0.224,1.0,,,,4.714285714285714
2024-11-21,national,,,0.9507,1.0,0.0,5.285714285714286
2024-11-25,national,,,-0.9933,1.0,0.0,6.714285714285714
2024-11-27,national,0.3747,1.0,0.9476,1.0,0.0,6.142857142857143
2024-11-28,national,0.98005,2.0,,,,5.857142857142858
2024-12-01,national,0.1721,1.0,,,,5.0
2024-12-02,national,,,-0.9894,1.0,0.0,4.857142857142857
2024-12-03,national,-0.8051,1.0,,,,4.714285714285714
2024-12-04,national,0.9721,1.0,,,,4.571428571428571
2024-12-05,national,-0.8942,1.0,,,,4.428571428571429
2024-12-06,national,,,-0.7562,1.0,0.0,4.285714285714286
2024-12-08,national,0.1537,2.0,,,,4.0
2024-12-09,national,0.9407,1.0,,,,4.142857142857143
2024-12-11,national,0.9848,1.0,,,,4.428571428571429
2024-12-12,national,,,-0.8868,2.0,0.0,4.571428571428571
2024-12-13,national,0.6051,1.0,0.87885,2.0,0.0,4.714285714285714
2024-12-15,national,-0.8808,1.0,,,,5.0
2024-12-18,national,,,0.9375,1.0,0.0,4.571428571428571
2024-12-19,national,,,-0.9688,1.0,0.0,4.428571428571429
2024-12-21,national,,,-0.5737,1.0,0.0,4.142857142857143
2024-12-24,national,0.8622,1.0,,,,4.285714285714286
2024-12-25,national,,,0.9281,1.0,0.0,4.428571428571429
2024-12-26,national,,,0.6729,1.0,0.0,4.571428571428571
2024-12-27,national,-0.9888,1.0,,,,4.714285714285714
2024-12-29,national,0.7424,1.0,,,,5.0
2025-01-01,national,,,-0.9835,1.0,0.0,5.428571428571429
2025-01-05,national,,,0.03799999999999998,2.0,0.0,6.0
2025-01-09,national,,,-0.9853,1.0,0.0,4.285714285714286
2025-01-10,national,-0.7635,1.0,,,,3.857142857142857
2025-01-11,national,,,-0.4096,1.0,0.0,3.428571428571429
2025-01-12,national,,,-0.90705,2.0,0.0,3.0
2025-01-15,national,0.9336,1.0,-0.9701,1.0,0.0,4.714285714285714
2025-01-20,national,-0.1136,1.0,,,,6.857142857142857
2025-01-22,national,,,-0.9409000000000001,2.0,0.0,6.571428571428571
2025-01-23,national,0.5456,1.0,,,,6.428571428571429
2025-01-24,national,0.4438,1.0,,,,6.285714285714286
2025-01-29,national,,,-0.9908,1.0,0.0,9.0
2025-02-03,national,,,0.7059,2.0,0.0,12.142857142857142
2025-02-04,national,,,-0.9855,1.0,0.0,11.285714285714286
2025-02-05,national,-0.8053,1.0,,,,10.428571428571429
2025-02-06,national,,,-0.9955,1.0,0.0,9.571428571428571
2025-02-07,national,-0.053,1.0,-0.5814,1.0,0.0,8.714285714285715
2025-02-08,national,,,0.8922,1.0,0.0,7.857142857142858
2025-02-09,national,,,-0.1285,2.0,0.0,7.0
2025-02-11,national,-0.2314,1.0,0.7842,1.0,0.0,7.857142857142857
2025-02-13,national,,,-0.4442333333333333,3.0,0.0,8.714285714285714
2025-02-14,national,,,0.5788,2.0,0.0,9.142857142857142
2025-02-15,national,,,0.9368,1.0,0.0,9.571428571428571
2025-02-16,national,0.9659,1.0,-0.5953,1.0,0.0,10.0
2025-02-17,national,,,-0.9851,1.0,0.0,9.0
2025-02-18,national,0.5213,1.0,,,,8.0
2025-02-19,national,,,-0.9124,1.0,0.0,7.0
2025-02-23,national,0.1488,1.0,-0.9878,1.0,0.0,3.0
2025-03-03,national,0.3087,1.0,-0.981,1.0,0.0,3.0
2025-03-08,national,,,-0.9897,1.0,0.0,3.0
2025-03-11,national,,,-0.997,1.0,0.0,2.7142857142857144
2025-03-15,national,,,0.8699,1.0,0.0,2.142857142857143
2025-03-19,national,,,0.9513,1.0,0.0,2.4285714285714284
2025-03-20,national,-0.3084,1.0,,,,2.571428571428571
2025-03-26,national,0.6961,1.0,-0.9626,1.0,0.0,3.4285714285714284
2025-03-27,national,-0.8562,1.0,,,,3.571428571428571
2025-03-30,national,-0.922,1.0,,,,4.0
2025-04-02,national,0.7618,1.0,,,,3.571428571428572
2025-04-03,national,,,-0.2945,1.0,0.0,3.428571428571429
2025-04-07,national,,,-0.6044,1.0,0.0,3.4285714285714284
2025-04-08,national,0.0117,1.0,,,,3.857142857142857
2025-04-09,national,0.6718,1.0,,,,4.285714285714286
2025-04-13,national,,,-0.976,1.0,0.0,6.0
2025-04-18,national,-0.5500499999999999,2.0,,,,73.14285714285714
2025-04-20,national,,,-0.9141,1.0,0.0,100.0
2025-04-23,national,0.8713500000000001,2.0,0.11738,5.0,0.0,69.14285714285714
2025-04-24,national,0.9413,1.0,-0.9218,1.0,0.0,58.85714285714285
2025-04-25,national,,,0.3195,5.0,0.0,48.57142857142857
2025-04-26,national,,,-0.9568,1.0,0.0,38.28571428571428
2025-04-27,national,0.0714,1.0,-0.070625,4.0,0.0,28.0
2025-04-28,national,,,-0.6536,1.0,0.0,25.142857142857142
2025-04-29,national,,,-0.28509999999999996,3.0,0.0,22.285714285714285
2025-05-05,national,,,0.007399999999999962,2.0,0.0,10.0
2025-05-06,national,,,0.0812,2.0,0.0,12.0
2025-05-09,national,,,0.0020000000000000018,2.0,0.0,18.0
2025-05-10,national,,,0.9824,1.0,0.0,20.0
2025-05-11,national,,,-0.8291,1.0,0.0,22.0
2025-05-15,national,,,0.9835,1.0,0.0,18.0
2025-05-16,national,,,0.4664,1.0,0.0,17.0
2025-05-18,national,-0.2559,1.0,,,,15.0
2025-05-20,national,-0.4295,1.0,,,,12.428571428571429
2025-05-23,national,,,0.9782,1.0,0.0,8.571428571428571
2025-05-27,national,,,-0.9654,1.0,0.0,9.428571428571429
2025-05-28,national,-0.7176,1.0,,,,11.142857142857142
2025-05-29,national,0.3676,1.0,,,,12.857142857142858
2025-06-01,national,0.8248,1.0,,,,18.0
2025-06-03,national,,,0.68555,2.0,0.0,14.571428571428571
2025-06-04,national,-0.9358,1.0,-0.2738,1.0,0.0,12.857142857142858
2025-06-11,national,0.7941,1.0,,,,5.142857142857143
2025-06-12,national,0.3297,1.0,0.28025,2.0,0.0,4.857142857142858
2025-06-13,national,,,-0.97995,2.0,0.0,4.571428571428571
2025-06-14,national,,,0.9963,1.0,0.0,4.285714285714286
2025-06-16,national,,,-0.74,1.0,0.0,4.0
2025-06-20,national,0.95685,2.0,-0.99665,2.0,0.0,4.0
2025-06-21,national,,,-0.2161,1.0,0.0,4.0
2025-06-22,national,,,0.12829999999999997,2.0,0.0,4.0
2025-06-23,national,,,0.07703333333333333,3.0,0.0,6.142857142857142
2025-06-24,national,,,0.9478,1.0,0.0,8.285714285714285
2025-06-25,national,,,-0.9014,2.0,0.0,10.428571428571429
2025-06-26,national,0.02554999999999996,2.0,,,,12.571428571428571
2025-06-27,national,-0.985,1.0,,,,14.714285714285714
2025-06-28,national,-0.7945,1.0,,,,16.857142857142858
2025-06-30,national,-0.9219,1.0,,,,17.0
2025-07-01,national,,,-0.0016999999999999793,2.0,0.0,15.0
2025-07-02,national,-0.5908,1.0,0.10883999999999998,5.0,0.0,13.0
2025-07-03,national,,,-9.999999999998899e-05,2.0,0.0,11.0
2025-07-04,national,0.014300000000000035,2.0,,,,9.0
2025-07-06,national,0.9801,1.0,,,,5.0
2025-07-08,national,-0.3421,1.0,,,,4.714285714285714
2025-07-09,national,-0.9669,1.0,-0.9987,1.0,0.0,4.571428571428571
2025-07-14,national,,,-0.9168000000000001,2.0,0.0,3.857142857142857
2025-07-15,national,-0.6271,1.0,,,,3.7142857142857135
2025-07-16,national,,,-0.98315,2.0,0.0,3.571428571428572
2025-07-17,national,0.723,1.0,-0.9412,1.0,0.0,3.428571428571429
2025-07-18,national,0.992,1.0,-0.9777,1.0,0.0,3.2857142857142856
2025-07-20,national,-0.77,1.0,,,,3.0
2025-07-24,national,0.3094,2.0,-0.95565,2.0,0.0,5.857142857142858
2025-07-25,national,0.647775,4.0,,,,6.571428571428571
2025-07-26,national,,,-0.9884,2.0,0.0,7.285714285714286
2025-07-27,national,0.38535714285714284,7.0,-0.9933,1.0,0.0,8.0
2025-07-28,national,0.15909999999999996,2.0,,,,7.428571428571429
2025-07-29,national,0.03049999999999999,3.0,,,,6.857142857142858
2025-08-04,national,0.6945333333333333,3.0,,,,10.0
2025-08-06,national,-0.7368,1.0,-0.9782,1.0,0.0,22.0
2025-08-07,national,-0.18619999999999998,2.0,,,,28.0
2025-08-09,national,-0.05429999999999996,2.0,,,,40.0
2025-08-10,national,-0.22985,2.0,-0.35133333333333333,3.0,0.0,46.0
2025-08-11,national,-0.32080000000000003,3.0,-0.4208,1.0,0.0,40.71428571428572
2025-08-12,national,,,-0.9318,1.0,0.0,35.42857142857143
2025-08-13,national,0.17070000000000002,2.0,0.4919,1.0,0.0,30.142857142857142
2025-08-15,national,-0.5277,1.0,,,,19.571428571428573
2025-08-16,national,0.9443,1.0,,,,14.285714285714285
2025-08-17,national,,,-0.4918,1.0,0.0,9.0
2025-08-18,national,-0.1768,1.0,-0.9855,1.0,0.0,9.142857142857142
2025-08-19,national,,,-0.9939,1.0,0.0,9.285714285714286
2025-08-20,national,0.5078,1.0,,,,9.428571428571429
2025-08-24,national,0.43945,2.0,,,,10.0
2025-08-27,national,-0.8978,1.0,0.9947,1.0,0.0,7.428571428571429
2025-08-28,national,0.0251,1.0,0.17714999999999997,2.0,0.0,6.571428571428571
2025-08-29,national,0.267,1.0,,,,5.714285714285714
2025-08-31,national,,,0.9929,1.0,0.0,4.0
2025-09-01,national,0.98,1.0,,,,4.714285714285714
2025-09-03,national,-0.3721,2.0,,,,6.142857142857142
2025-09-07,national,0.9522,1.0,,,,9.0
2025-09-08,national,-0.9473,1.0,,,,8.285714285714286
2025-09-09,national,0.8282,1.0,,,,7.571428571428571
2025-09-11,national,0.6308,1.0,,,,6.142857142857142
2025-09-12,national,0.2836,1.0,,,,5.428571428571429
2025-09-13,national,,,-0.8096,1.0,0.0,4.714285714285714
2025-09-14,national,-0.324,1.0,,,,4.0
2025-09-16,national,-0.7523,1.0,,,,6.285714285714286
2025-09-17,national,-0.701,1.0,,,,7.428571428571429
2025-09-18,national,0.7781,1.0,,,,8.571428571428571
2025-09-20,national,-0.5654666666666667,3.0,,,,10.857142857142858
2025-09-21,national,-0.6246666666666667,3.0,,,,12.0
2025-09-22,national,,,-0.6943,3.0,0.0,14.285714285714285
2025-09-25,national,0.6753,1.0,-0.57145,2.0,0.0,21.142857142857142
2025-09-26,national,-0.4498,1.0,,,,23.428571428571427
2025-09-28,national,0.9963,1.0,-0.851,2.0,0.0,28.0
2025-10-02,national,,,-0.006350000000000022,2.0,0.0,17.714285714285715
2025-10-03,national,,,0.3815,1.0,0.0,15.142857142857142
2025-10-04,national,,,-0.9493,1.0,0.0,12.57142857142857
2025-10-05,national,0.8321,1.0,,,,10.0
2025-10-06,national,,,0.9807,1.0,0.0,9.285714285714286
2025-10-08,national,-0.1385,2.0,,,,7.857142857142858
2025-10-09,national,-0.6011,1.0,,,,7.142857142857142
2025-10-11,national,0.5716,1.0,,,,5.714285714285714
2025-10-12,national,0.7287,1.0,,,,5.0
2025-10-13,national,0.23795,2.0,,,,5.142857142857143
2025-10-14,national,0.8623,1.0,,,,5.285714285714286
2025-10-16,national,0.9444,1.0,,,,5.571428571428571
2025-10-17,national,0.6233,2.0,,,,5.714285714285714
2025-10-18,national,,,0.15893333333333332,3.0,0.0,5.857142857142857
2025-10-19,national,-0.28905,2.0,,,,6.0
2025-10-21,national,-0.20579999999999998,3.0,,,,17.142857142857142
2025-10-23,national,0.647,1.0,,,,28.285714285714285
2025-10-25,national,-0.7952,1.0,0.025550000000000017,2.0,0.0,39.42857142857143
2025-10-26,national,-0.9262,1.0,,,,45.0
2025-10-27,national,0.38180000000000003,4.0,-0.9911,1.0,0.0,40.57142857142857
2025-10-28,national,0.5706666666666667,3.0,-0.08860000000000001,2.0,0.0,36.14285714285714
2025-10-31,national,0.6718999999999999,2.0,,,,22.85714285714285
2025-11-02,national,0.8049,1.0,-0.4752,1.0,0.0,14.0
2025-11-03,national,-0.3275,1.0,,,,14.428571428571429
2025-11-04,national,0.004200000000000037,2.0,-0.9597,1.0,0.0,14.857142857142858
2025-11-07,national,-0.6729,2.0,-0.3256,2.0,0.0,16.142857142857142
2025-11-09,national,0.3715,1.0,,,,17.0
2025-11-10,national,,,-0.4152967741935484,31.0,0.0,15.571428571428571
2025-11-11,national,,,-0.6819000000000001,2.0,0.0,14.142857142857142
2025-11-12,national,0.093,1.0,0.3617,1.0,0.0,12.714285714285715
2025-11-13,national,0.11582500000000001,4.0,-0.5772,2.0,0.0,11.285714285714285
2025-11-14,national,-0.5992666666666667,3.0,,,,9.857142857142858
2025-11-15,national,,,0.68755,2.0,0.0,8.428571428571429
2025-11-16,national,-0.40950000000000003,2.0,,,,7.0
2025-11-17,national,0.1049,2.0,,,,6.714285714285714
2025-11-19,national,0.8816,1.0,,,,6.142857142857143
2025-11-20,national,-0.2885,1.0,-0.41945,2.0,0.0,5.857142857142858
2025-11-21,national,,,-0.2171,1.0,0.0,5.571428571428571
2025-11-23,national,,,0.8262,1.0,0.0,5.0
2025-11-24,national,-0.9575,1.0,0.6106,1.0,0.0,4.857142857142857
2025-11-25,national,,,-0.9976,1.0,0.0,4.714285714285714
2025-11-27,national,,,-0.9842,1.0,0.0,4.428571428571429
2025-11-28,national,-0.5044,1.0,0.22799999999999998,3.0,0.0,4.285714285714286
2025-11-30,national,0.83265,2.0,,,,4.0
2025-12-01,national,,,-0.8839,1.0,0.0,5.0
2025-12-03,national,,,-0.4886,1.0,0.0,7.0
2025-12-04,national,-0.01905000000000001,2.0,,,,8.0
2025-12-05,national,0.9767,1.0,,,,9.0
2025-12-06,national,-0.7255,2.0,,,,10.0
2025-12-07,national,,,0.9816,1.0,0.0,11.0
2025-12-08,national,0.504,2.0,,,,10.142857142857142
2025-12-09,national,0.3598333333333333,3.0,,,,9.285714285714286
2025-12-10,national,0.5561,1.0,,,,8.428571428571429
2025-12-11,national,,,0.9859,1.0,0.0,7.571428571428571
2025-12-14,national,,,-0.9494,1.0,0.0,5.0
2025-12-15,national,-0.9747,1.0,,,,4.857142857142857
2025-12-16,national,-0.15565,2.0,,,,4.714285714285714
2025-12-17,national,0.2203,1.0,,,,4.571428571428571
2025-12-19,national,-0.026400000000000017,3.0,,,,4.285714285714286
2025-12-20,national,0.4997,1.0,,,,4.142857142857143
2025-12-24,national,-0.2021,1.0,-0.521,1.0,0.0,4.428571428571429
2025-12-25,national,0.6776,1.0,-0.8617,1.0,0.0,4.571428571428571
2025-12-26,national,0.4216,4.0,,,,4.714285714285714
2025-12-27,national,-0.08990000000000002,3.0,,,,4.857142857142857
2025-12-28,national,,,-0.025249999999999995,2.0,0.0,5.0
2025-12-29,national,-0.17633333333333331,6.0,,,,4.714285714285714
2025-12-30,national,,,0.8572,1.0,0.0,4.428571428571429
2025-12-31,national,0.8585,1.0,0.417,1.0,0.0,4.142857142857143
2026-01-01,national,0.14688571428571429,7.0,,,,3.857142857142857
2026-01-02,national,0.16959999999999997,2.0,,,,3.571428571428572
2026-01-03,national,0.8692,1.0,-0.9843,1.0,0.0,3.2857142857142856
2026-01-04,national,-0.8991,2.0,-0.9961,1.0,0.0,3.0
2026-01-06,national,0.9319,1.0,,,,3.0
2026-01-07,national,0.631225,4.0,,,,3.0
2026-01-08,national,0.1431,3.0,,,,3.0
2026-01-09,national,0.21219999999999997,3.0,,,,3.0
2026-01-10,national,-0.3136333333333333,3.0,,,,3.0
2026-01-11,national,-0.12303333333333337,3.0,-0.18032857142857145,7.0,0.0,3.0
2026-01-14,national,0.70435,2.0,,,,6.857142857142858
2026-01-15,national,0.4366,1.0,,,,8.142857142857142
2026-01-16,national,0.05134444444444443,9.0,,,,9.428571428571429
2026-01-17,national,0.8131,3.0,,,,10.714285714285715
2026-01-18,national,0.44530000000000003,2.0,0.9997,1.0,0.0,12.0
2026-01-19,national,0.15123333333333336,3.0,,,,11.142857142857142
2026-01-21,national,0.9712,1.0,,,,9.428571428571429
2026-01-22,national,-0.2912,1.0,,,,8.571428571428571
2026-01-23,national,0.36479999999999996,2.0,,,,7.714285714285714
2026-01-24,national,,,-0.5901166666666667,6.0,0.0,6.857142857142858
2026-01-25,national,0.178,1.0,,,,6.0
2026-01-26,national,-0.6838,1.0,-0.5309714285714285,7.0,0.0,5.857142857142857
2026-01-27,national,0.5653666666666667,3.0,,,,5.714285714285714
2026-01-28,national,0.89995,2.0,-0.9941,1.0,0.0,5.571428571428571
2026-01-29,national,0.605,1.0,,,,5.428571428571429
2026-01-30,national,0.9857,1.0,,,,5.285714285714286
2026-01-31,national,0.9113,1.0,,,,5.142857142857143
2026-02-01,national,0.8452,1.0,,,,5.0
2026-02-02,national,0.9468,1.0,0.28736666666666666,3.0,0.0,4.714285714285714
2026-02-03,national,0.667,1.0,,,,4.428571428571429
2026-02-04,national,0.8428,1.0,,,,4.142857142857143
2026-02-05,national,-0.02056666666666666,3.0,0.9839,1.0,0.0,3.857142857142857
2026-02-06,national,-0.1533,2.0,-0.9972,1.0,0.0,3.571428571428572
2026-02-07,national,0.024999999999999967,2.0,,,,3.2857142857142856
2026-02-08,national,,,0.6849,1.0,0.0,3.0
2026-02-09,national,0.7199,2.0,,,,3.142857142857143
2026-02-10,national,0.07746666666666668,3.0,,,,3.2857142857142856
2026-02-12,national,-0.4120333333333333,3.0,-0.9908,1.0,0.0,3.571428571428571
2026-02-13,national,0.7689,1.0,,,,3.7142857142857135
2026-02-14,national,0.2269,2.0,,,,3.857142857142857
2026-02-16,national,,,-0.975,1.0,0.0,4.0
2026-02-18,national,-0.354,1.0,,,,4.0
2026-02-19,national,0.884,2.0,,,,4.0
2026-02-20,national,0.6008,1.0,,,,4.0
2026-02-21,national,0.22598333333333334,6.0,,,,4.0
2026-02-22,national,-0.6627,1.0,0.9771,1.0,0.0,4.0
2026-02-24,national,0.48669999999999997,2.0,,,,3.7142857142857135
2026-02-25,national,0.6957,1.0,,,,3.571428571428572
2026-02-27,national,-0.37829999999999997,2.0,-0.9603,1.0,0.0,3.2857142857142856
2026-02-28,national,-0.664,3.0,0.9677,1.0,0.0,3.142857142857143
2026-03-01,national,0.4576,1.0,0.9329,1.0,0.0,3.0
2026-03-02,national,-0.1766333333333334,3.0,,,,4.142857142857142
2026-03-03,national,-0.7384,1.0,,,,5.285714285714286
2026-03-04,national,-0.8924,1.0,0.3527,1.0,0.0,6.428571428571429
2026-03-05,national,0.82335,2.0,,,,7.571428571428571
2026-03-06,national,0.504,3.0,0.9539,1.0,0.0,8.714285714285714
2026-03-07,national,0.2557,4.0,,,,9.857142857142858
2026-03-08,national,0.9936,1.0,0.0019500000000000073,2.0,0.0,11.0
2026-03-09,national,,,-0.5829,1.0,0.0,9.857142857142858
2026-03-10,national,0.053799999999999994,3.0,,,,8.714285714285715
2026-03-11,national,0.5726333333333333,3.0,,,,7.571428571428571
2026-03-13,national,0.6756,1.0,0.9882,1.0,0.0,5.285714285714287
2026-03-14,national,0.9569,1.0,,,,4.142857142857143
2026-03-15,national,-0.01635000000000003,2.0,,,,3.0
2026-03-16,national,0.6694,1.0,,,,3.0
2026-03-17,national,0.8941,1.0,-0.9732,1.0,0.0,3.0
2026-03-18,national,0.06464999999999999,2.0,0.5673,1.0,0.0,3.0
2026-03-19,national,-0.5807666666666668,3.0,,,,3.0
2026-03-21,national,-0.4015,1.0,0.2616,1.0,0.0,3.0
2026-03-22,national,0.9631,1.0,0.9931,1.0,0.0,3.0
2026-03-23,national,-0.8757,1.0,,,,3.4285714285714284
2026-03-24,national,0.10891666666666668,6.0,,,,3.857142857142857
2026-03-25,national,0.058524999999999994,4.0,-0.4277,1.0,0.0,4.285714285714286
2026-03-26,national,0.0035499999999999976,2.0,0.5164,1.0,0.0,4.714285714285714
2026-03-27,national,-0.29309999999999997,3.0,,,,5.142857142857142
2026-03-28,national,-0.61095,2.0,0.65925,2.0,0.0,5.571428571428571
2026-03-29,national,0.419825,4.0,,,,6.0
2026-03-30,national,0.08799999999999998,6.0,-0.06286666666666664,3.0,0.0,
2026-03-31,national,,,0.7194,1.0,0.0,
2026-04-01,national,0.3723,2.0,,,,
2026-04-02,national,0.9592,2.0,0.9655,1.0,0.0,
2026-04-03,national,0.40235,2.0,,,,
2026-04-04,national,-0.2819,3.0,,,,
2026-04-05,national,0.6951,1.0,0.9789,1.0,0.0,
2026-04-06,national,0.54766,5.0,,,,
2026-04-07,national,-0.10015000000000002,2.0,,,,
2026-04-08,national,-0.34400000000000003,6.0,,,,
2026-04-09,national,0.59465,2.0,,,,
2026-04-10,national,-0.15455,8.0,,,,
2026-04-11,national,0.9792,1.0,,,,
2026-04-12,national,0.9757,1.0,,,,
2026-04-13,national,-0.9776,1.0,,,,
2026-04-14,national,0.9134,1.0,,,,
2026-04-15,national,-0.18895,2.0,-0.9801,2.0,0.0,
2026-04-16,national,0.71745,2.0,,,,
2026-04-17,national,-0.8251,1.0,,,,
2026-04-18,national,0.28235,2.0,,,,
2026-04-19,national,-0.57966,5.0,,,,
2026-04-20,national,0.09797999999999998,5.0,,,,
2026-04-21,national,0.8238,1.0,,,,
2026-04-22,national,0.6979,5.0,,,,
2026-04-23,national,0.9746,1.0,,,,
2026-04-24,national,0.01733333333333334,6.0,0.8233,1.0,0.0,
2026-04-25,national,0.3197,2.0,,,,
2026-04-26,national,0.9948,1.0,0.6026,1.0,0.0,
2026-04-27,national,0.268625,4.0,,,,
2026-04-28,national,-0.27282,5.0,-0.9081,1.0,0.0,
2026-04-29,national,0.4616,4.0,-0.9556,1.0,0.0,
2026-04-30,national,0.09645000000000002,6.0,,,,
2026-05-01,national,-0.058475,4.0,,,,
2026-05-02,national,0.9652,1.0,,,,
2026-05-03,national,-0.9074,1.0,,,,
2026-05-04,national,-0.16375,4.0,,,,
2026-05-05,national,-0.09011250000000001,8.0,,,,
2026-05-06,national,-0.16135,2.0,,,,
2026-05-07,national,-0.13269999999999998,2.0,,,,
2026-05-08,national,0.14566,5.0,,,,
2026-05-09,national,-0.4389,3.0,,,,
2026-05-10,national,-0.4443,1.0,,,,
2026-05-11,national,-0.14341666666666666,6.0,0.9973,1.0,0.0,
2026-05-12,national,-0.23042857142857143,7.0,,,,
2026-05-13,national,-0.4106571428571429,7.0,,,,
2026-05-14,national,-0.0469,1.0,,,,
2026-05-15,national,-0.58955,2.0,0.8518,1.0,0.0,
2026-05-16,national,-0.2632333333333334,6.0,0.9859,1.0,0.0,
2026-05-17,national,-0.08381666666666665,6.0,,,,
2026-05-18,national,0.8449166666666666,6.0,,,,
2026-05-19,national,0.6909571428571429,7.0,0.9506,1.0,0.0,
2026-05-20,national,0.27381,10.0,,,,
2026-05-21,national,-0.41228888888888887,9.0,,,,
2026-05-22,national,0.031966666666666664,12.0,-0.9975,1.0,0.0,
2026-05-23,national,0.3896428571428571,7.0,-0.984,1.0,0.0,
2026-05-24,national,0.2472833333333333,6.0,-0.18935000000000002,2.0,0.0,
2026-05-25,national,0.52756,5.0,,,,
2026-05-26,national,0.03493333333333334,3.0,0.94,1.0,0.0,
2026-05-27,national,-0.00545000000000001,6.0,-0.9659,1.0,0.0,
2026-05-28,national,0.4344571428571428,7.0,,,,
2026-05-29,national,0.3681090909090909,11.0,,,,
2026-05-30,national,0.43637999999999993,5.0,,,,
2026-05-31,national,0.88271,10.0,,,,
2026-06-01,national,0.4296,11.0,,,,
2026-06-02,national,0.14943636363636362,11.0,,,,
2026-06-03,national,0.4310541666666667,24.0,,,,
2026-06-04,national,0.5560166666666667,24.0,,,,
2026-06-05,national,0.44643125,16.0,,,,
2026-06-06,national,0.25608461538461536,13.0,,,,
2026-06-07,national,0.6299290322580645,31.0,,,,
2026-06-08,national,0.31776666666666664,15.0,,,,
2026-06-09,national,0.36638928571428575,28.0,,,,
2026-06-10,national,0.1450866666666667,15.0,,,,
2026-06-11,national,0.23883225806451613,31.0,0.9968,1.0,0.0,
2026-06-12,national,0.29189583333333335,24.0,,,,
2026-06-13,national,0.14469677419354837,31.0,-0.8121,1.0,0.0,
2026-06-14,national,0.11649428571428572,35.0,,,,
2026-06-15,national,0.12645434782608694,46.0,,,,
2026-06-16,national,0.2856922077922078,77.0,,,,
2026-06-17,national,0.36775108695652176,92.0,,,,
2026-06-18,national,0.24176764705882353,136.0,0.5324,1.0,0.0,
2026-06-19,national,0.1692142061281337,359.0,,,,
2026-06-20,national,0.25519375,16.0,,,,
2024-01-06,politics,0.9517,1.0,,,,1.0
2024-01-29,politics,0.9555,1.0,,,,2.0
2024-02-02,politics,,,0.30085,2.0,0.0,2.0
2024-02-03,politics,,,-0.9964,2.0,0.0,2.0
2024-02-06,politics,,,0.9982,1.0,0.0,2.0
2024-02-08,politics,0.4489,1.0,-0.9982,1.0,0.0,2.0
2024-02-12,politics,,,-0.9951,1.0,0.0,2.0
2024-02-14,politics,,,-0.9855,1.0,0.0,2.0
2024-02-16,politics,,,-0.9829,1.0,0.0,2.0
2024-02-19,politics,0.6156,1.0,,,,2.0
2024-02-21,politics,0.9908,1.0,,,,2.0
2024-02-22,politics,0.016049999999999953,2.0,,,,2.0
2024-02-25,politics,0.9818,1.0,0.342,1.0,0.0,2.0
2024-02-27,politics,0.9225,1.0,0.8862,1.0,0.0,2.2857142857142856
2024-02-28,politics,0.9742,2.0,,,,2.4285714285714284
2024-02-29,politics,0.97695,2.0,,,,2.571428571428571
2024-03-01,politics,-0.73,1.0,,,,2.7142857142857144
2024-03-02,politics,,,-0.9986,1.0,0.0,2.857142857142857
2024-03-07,politics,0.7302,2.0,,,,3.0
2024-03-09,politics,0.9228,1.0,,,,3.0
2024-03-10,politics,0.9875,1.0,0.9379,1.0,0.0,3.0
2024-03-11,politics,0.86925,2.0,,,,3.0
2024-03-12,politics,,,-0.9865,1.0,0.0,3.0
2024-03-15,politics,0.9806,1.0,,,,3.0
2024-03-17,politics,0.438,1.0,,,,3.0
2024-03-18,politics,,,-0.9935,2.0,0.0,3.571428571428571
2024-03-20,politics,,,-0.8243,1.0,0.0,4.714285714285714
2024-03-24,politics,,,-0.3313333333333333,3.0,0.0,7.0
2024-03-25,politics,,,-0.9987,1.0,0.0,20.285714285714285
2024-03-28,politics,,,0.9554,1.0,0.0,60.142857142857146
2024-03-29,politics,,,-0.8508666666666667,3.0,0.0,73.42857142857143
2024-04-01,politics,,,0.7367,1.0,0.0,86.57142857142857
2024-04-05,politics,,,-0.25885,2.0,0.0,32.85714285714286
2024-04-06,politics,,,-0.3792,1.0,0.0,19.42857142857143
2024-04-09,politics,0.9786,1.0,,,,4.857142857142858
2024-04-16,politics,,,-0.6683,1.0,0.0,2.0
2024-04-19,politics,-0.9678,1.0,,,,2.0
2024-04-27,politics,-0.0493,1.0,,,,1.1428571428571428
2024-04-29,politics,-0.9543,1.0,,,,1.0
2024-05-01,politics,,,0.996,1.0,0.0,1.0
2024-05-03,politics,0.1864,1.0,,,,1.0
2024-05-05,politics,,,0.9522,1.0,0.0,1.0
2024-05-08,politics,,,-0.925,1.0,0.0,1.0
2024-05-09,politics,,,-0.28350000000000003,2.0,0.0,1.0
2024-05-16,politics,,,-0.9844,1.0,0.0,1.0
2024-05-18,politics,0.9893,1.0,,,,1.0
2024-05-23,politics,0.8018,1.0,,,,1.0
2024-05-24,politics,0.9338,1.0,,,,1.0
2024-05-25,politics,,,0.9091,1.0,0.0,1.0
2024-05-27,politics,-0.0691,1.0,,,,1.0
2024-05-29,politics,,,0.9725,1.0,0.0,1.0
2024-05-30,politics,0.9824,1.0,-0.9671,1.0,0.0,1.0
2024-05-31,politics,0.0111,1.0,0.9906,1.0,0.0,1.0
2024-06-03,politics,,,0.9731,1.0,0.0,1.0
2024-06-07,politics,-0.1384,1.0,,,,1.0
2024-06-09,politics,0.1984,2.0,,,,1.0
2024-06-18,politics,,,-0.9951,1.0,0.0,0.0
2024-06-20,politics,,,0.9844,1.0,0.0,0.0
2024-06-22,politics,,,-0.9972,1.0,0.0,0.0
2024-06-24,politics,,,0.5405,1.0,0.0,0.1428571428571428
2024-06-26,politics,,,-0.4252,1.0,0.0,0.4285714285714285
2024-06-28,politics,,,-0.987,1.0,0.0,0.7142857142857142
2024-07-02,politics,-0.07,1.0,,,,1.0
2024-07-05,politics,,,-0.9654,1.0,0.0,1.0
2024-07-10,politics,,,0.9806,1.0,0.0,1.0
2024-07-15,politics,,,-0.4096,1.0,0.0,0.8571428571428572
2024-07-18,politics,,,-0.8797,1.0,0.0,0.4285714285714286
2024-07-21,politics,,,0.8280000000000001,2.0,0.0,0.0
2024-07-23,politics,,,-0.9741,1.0,0.0,0.0
2024-07-24,politics,,,0.7514,1.0,0.0,0.0
2024-07-25,politics,,,0.9975,1.0,0.0,0.0
2024-07-26,politics,,,-0.9804,1.0,0.0,0.0
2024-08-02,politics,,,-0.9985,1.0,0.0,0.0
2024-08-10,politics,0.9936,1.0,-0.4589,1.0,0.0,0.0
2024-08-12,politics,0.9723,1.0,,,,0.0
2024-08-13,politics,0.5338,1.0,,,,0.0
2024-08-20,politics,,,-0.5895,2.0,0.0,0.0
2024-08-25,politics,,,-0.796,1.0,0.0,0.0
2024-08-29,politics,-0.58795,2.0,-0.9936,1.0,0.0,0.0
2024-09-01,politics,-0.9908,1.0,,,,0.0
2024-09-03,politics,,,-0.9765,1.0,0.0,0.0
2024-09-07,politics,,,-0.8652,2.0,0.0,0.0
2024-09-10,politics,-0.9887,1.0,,,,0.0
2024-09-12,politics,,,-0.9783,1.0,0.0,0.0
2024-09-16,politics,0.18555000000000005,2.0,,,,0.0
2024-09-18,politics,-0.94965,2.0,0.3678,1.0,0.0,0.0
2024-09-19,politics,-0.9146,1.0,,,,0.0
2024-09-21,politics,,,-0.9972,1.0,0.0,0.0
2024-09-24,politics,-0.5675,1.0,,,,3.142857142857143
2024-09-27,politics,-0.9909,1.0,0.1779,1.0,0.0,7.857142857142857
2024-09-28,politics,,,-0.6696,1.0,0.0,9.428571428571429
2024-10-01,politics,0.7391,1.0,,,,11.571428571428571
2024-10-02,politics,-0.9718,1.0,,,,11.857142857142858
2024-10-03,politics,-0.004500000000000004,2.0,,,,12.142857142857142
2024-10-06,politics,-0.6967,1.0,-0.88,1.0,0.0,13.0
2024-10-07,politics,0.6932499999999999,2.0,0.9945,1.0,0.0,13.571428571428571
2024-10-09,politics,0.4331,1.0,,,,14.714285714285714
2024-10-10,politics,-0.9163,1.0,0.9759,1.0,0.0,15.285714285714285
2024-10-11,politics,-0.993,1.0,,,,15.857142857142858
2024-10-14,politics,0.8571,1.0,-0.9623,1.0,0.0,17.285714285714285
2024-10-16,politics,0.8532,1.0,,,,17.857142857142858
2024-10-17,politics,,,-0.9943,1.0,0.0,18.142857142857142
2024-10-18,politics,0.9568,1.0,-0.9372,1.0,0.0,18.428571428571427
2024-10-19,politics,,,0.9562,1.0,0.0,18.714285714285715
2024-10-21,politics,,,-0.044800000000000006,2.0,0.0,18.857142857142858
2024-10-22,politics,,,0.9076,1.0,0.0,18.714285714285715
2024-10-23,politics,0.5005,1.0,0.61685,2.0,0.0,18.571428571428573
2024-10-26,politics,0.8846,1.0,,,,18.142857142857142
2024-11-04,politics,,,-0.9974,1.0,0.0,77.42857142857143
2024-11-05,politics,,,0.7148,1.0,0.0,66.85714285714286
2024-11-09,politics,,,0.6842,1.0,0.0,24.57142857142857
2024-11-10,politics,,,-0.9876,1.0,0.0,14.0
2024-11-16,politics,,,0.9904,1.0,0.0,12.285714285714286
2024-11-18,politics,-0.8892,1.0,,,,11.857142857142858
2024-11-19,politics,-0.8804,1.0,,,,11.714285714285714
2024-11-21,politics,0.7646,1.0,,,,11.428571428571429
2024-11-23,politics,,,-0.6325,1.0,0.0,11.142857142857142
2024-11-26,politics,-0.41886666666666666,3.0,,,,11.0
2024-11-28,politics,0.493,1.0,,,,11.0
2024-11-29,politics,0.8544,1.0,-0.6451,1.0,0.0,11.0
2024-12-02,politics,-0.7776,1.0,0.9946,1.0,0.0,10.857142857142858
2024-12-03,politics,,,0.1633,1.0,0.0,10.714285714285714
2024-12-09,politics,-0.9671,1.0,0.10210000000000002,2.0,0.0,10.142857142857142
2024-12-13,politics,0.3928,1.0,,,,10.714285714285714
2024-12-18,politics,0.7135,1.0,,,,11.428571428571429
2024-12-20,politics,0.9931,1.0,,,,11.714285714285714
2024-12-22,politics,,,-0.928,1.0,0.0,12.0
2024-12-23,politics,-0.1317,1.0,,,,12.428571428571429
2024-12-24,politics,,,0.7447333333333334,3.0,0.0,12.857142857142858
2024-12-26,politics,,,-0.7992,1.0,0.0,13.714285714285714
2024-12-27,politics,0.0211,1.0,,,,14.142857142857142
2024-12-28,politics,0.9564,1.0,,,,14.571428571428571
2024-12-30,politics,0.7392,1.0,,,,14.571428571428571
2024-12-31,politics,0.8654,1.0,-0.9592,1.0,0.0,14.142857142857142
2025-01-01,politics,-0.9857,1.0,-0.9973,1.0,0.0,13.714285714285715
2025-01-06,politics,0.9255,1.0,0.9296,1.0,0.0,12.142857142857142
2025-01-07,politics,0.8278,1.0,,,,12.285714285714286
2025-01-09,politics,0.7023,1.0,0.649,1.0,0.0,12.571428571428571
2025-01-10,politics,-0.8746,1.0,,,,12.714285714285714
2025-01-11,politics,0.9889,1.0,,,,12.857142857142858
2025-01-12,politics,0.10544999999999999,2.0,,,,13.0
2025-01-14,politics,-0.3674,1.0,,,,13.0
2025-01-15,politics,0.5022,1.0,,,,13.0
2025-01-16,politics,,,-0.6182,1.0,0.0,13.0
2025-01-17,politics,0.7248,1.0,,,,13.0
2025-01-20,politics,-0.9744,1.0,,,,13.142857142857142
2025-01-21,politics,0.9778,1.0,-0.5893,1.0,0.0,13.285714285714286
2025-01-23,politics,,,-0.9334,1.0,0.0,13.571428571428571
2025-01-25,politics,,,-0.9534,2.0,0.0,13.857142857142858
2025-01-29,politics,,,0.6307,1.0,0.0,13.571428571428571
2025-01-31,politics,0.9947,1.0,,,,13.285714285714286
2025-02-01,politics,,,0.9625,1.0,0.0,13.142857142857142
2025-02-07,politics,0.0903,1.0,,,,13.0
2025-02-09,politics,-0.3435,1.0,,,,13.0
2025-02-10,politics,0.782,1.0,,,,13.142857142857142
2025-02-12,politics,0.35126666666666667,3.0,,,,13.428571428571429
2025-02-13,politics,-0.6009,1.0,,,,13.571428571428571
2025-02-14,politics,0.931,1.0,,,,13.714285714285714
2025-02-16,politics,0.10535,2.0,,,,14.0
2025-02-17,politics,0.5973,1.0,,,,14.428571428571429
2025-02-19,politics,0.9857,1.0,,,,15.285714285714285
2025-02-21,politics,0.1592,1.0,-0.2776,1.0,0.0,16.142857142857142
2025-02-23,politics,0.55385,2.0,,,,17.0
2025-02-24,politics,0.62175,2.0,0.9154,1.0,0.0,16.285714285714285
2025-02-27,politics,0.8562,1.0,,,,14.142857142857142
2025-02-28,politics,,,-0.9886,1.0,0.0,13.428571428571429
2025-03-11,politics,,,-0.8359,1.0,0.0,29.857142857142858
2025-03-12,politics,,,0.9881,1.0,0.0,38.285714285714285
2025-03-14,politics,0.0036,1.0,,,,55.142857142857146
2025-03-15,politics,-0.817,1.0,0.02074999999999999,2.0,0.0,63.57142857142857
2025-03-17,politics,0.2478,1.0,,,,76.0
2025-03-18,politics,,,-0.9912,1.0,0.0,80.0
2025-03-19,politics,,,-0.65335,2.0,0.0,84.0
2025-03-20,politics,,,-0.9892,1.0,0.0,88.0
2025-03-21,politics,,,0.8685,1.0,0.0,92.0
2025-03-22,politics,-0.6811,1.0,,,,96.0
2025-03-23,politics,,,-0.9655,1.0,0.0,100.0
2025-03-24,politics,,,0.7956,1.0,0.0,88.71428571428571
2025-03-25,politics,-0.9463,1.0,,,,77.42857142857143
2025-03-27,politics,0.8823,1.0,0.24846666666666664,3.0,0.0,54.85714285714285
2025-03-28,politics,,,-0.6645,1.0,0.0,43.57142857142857
2025-03-31,politics,,,0.9944,1.0,0.0,20.428571428571427
2025-04-01,politics,,,-0.9849,1.0,0.0,19.857142857142858
2025-04-02,politics,-0.9163,1.0,0.9466,1.0,0.0,19.285714285714285
2025-04-07,politics,,,-0.995,1.0,0.0,17.0
2025-04-08,politics,-0.028299999999999992,2.0,-0.9914,1.0,0.0,17.0
2025-04-09,politics,,,-0.8472500000000001,2.0,0.0,17.0
2025-04-10,politics,0.46103333333333335,3.0,,,,17.0
2025-04-11,politics,0.15483333333333335,3.0,-0.935,1.0,0.0,17.0
2025-04-12,politics,,,-0.7708,1.0,0.0,17.0
2025-04-15,politics,0.2212,2.0,,,,16.142857142857142
2025-04-16,politics,0.5107,1.0,-0.9918,1.0,0.0,15.714285714285715
2025-04-18,politics,0.1474,2.0,0.014549999999999952,2.0,0.0,14.857142857142858
2025-04-19,politics,,,0.8169,1.0,0.0,14.428571428571429
2025-04-21,politics,0.4997,1.0,,,,14.0
2025-04-25,politics,-0.66065,2.0,-0.9973,1.0,0.0,14.0
2025-04-27,politics,,,0.9882,1.0,0.0,14.0
2025-04-29,politics,0.10239999999999999,2.0,-0.9951,1.0,0.0,13.714285714285714
2025-05-01,politics,-0.24814999999999998,2.0,-0.022300000000000042,2.0,0.0,13.428571428571429
2025-05-02,politics,0.883,1.0,,,,13.285714285714286
2025-05-06,politics,0.20203333333333337,3.0,,,,13.0
2025-05-08,politics,-0.3367,1.0,,,,13.0
2025-05-13,politics,-0.35860000000000003,4.0,,,,13.0
2025-05-14,politics,-0.5834,1.0,,,,13.0
2025-05-15,politics,-0.5586,1.0,0.8509,1.0,0.0,13.0
2025-05-16,politics,0.9669,1.0,,,,13.0
2025-05-19,politics,0.6778,3.0,,,,13.142857142857142
2025-05-20,politics,0.0381,1.0,0.3457333333333333,3.0,0.0,13.285714285714286
2025-05-21,politics,,,-0.979,1.0,0.0,13.428571428571429
2025-05-22,politics,-0.05229999999999998,3.0,,,,13.571428571428571
2025-05-28,politics,,,0.9956,1.0,0.0,14.0
2025-05-29,politics,0.96115,2.0,,,,14.0
2025-06-01,politics,-0.1397,2.0,,,,14.0
2025-06-02,politics,0.92255,2.0,,,,14.714285714285714
2025-06-03,politics,0.551,2.0,,,,15.428571428571429
2025-06-04,politics,-0.9512,1.0,,,,16.142857142857142
2025-06-11,politics,-0.33445,2.0,,,,16.0
2025-06-12,politics,-0.9863,1.0,0.9668,1.0,0.0,15.0
2025-06-16,politics,-0.09365000000000001,2.0,,,,12.0
2025-06-22,politics,0.7787,1.0,,,,12.0
2025-06-23,politics,,,-0.2111,1.0,0.0,12.285714285714286
2025-06-30,politics,,,-0.7136,1.0,0.0,14.571428571428571
2025-07-02,politics,-0.8844,1.0,,,,15.714285714285714
2025-07-06,politics,-0.9321,1.0,-0.9812,1.0,0.0,18.0
2025-07-11,politics,0.46060000000000006,3.0,,,,15.857142857142858
2025-07-12,politics,0.8548,1.0,0.85985,2.0,0.0,15.428571428571429
2025-07-13,politics,0.7216,1.0,,,,15.0
2025-07-14,politics,0.8413,1.0,,,,14.714285714285714
2025-07-16,politics,-0.948,1.0,,,,14.142857142857142
2025-07-17,politics,0.0702,1.0,,,,13.857142857142858
2025-07-18,politics,-0.3782,2.0,-0.9542,1.0,0.0,13.571428571428571
2025-07-20,politics,,,-0.5839,2.0,0.0,13.0
2025-07-21,politics,0.012449999999999961,2.0,,,,12.857142857142858
2025-07-23,politics,0.9919,1.0,,,,12.571428571428571
2025-07-26,politics,0.08815,2.0,,,,12.142857142857142
2025-07-27,politics,0.9773,1.0,,,,12.0
2025-07-28,politics,-0.9786,1.0,,,,12.0
2025-07-29,politics,0.8537,1.0,0.9822,1.0,0.0,12.0
2025-07-30,politics,,,-0.010950000000000015,2.0,0.0,12.0
2025-07-31,politics,,,-0.2694,1.0,0.0,12.0
2025-08-02,politics,,,-0.2705,1.0,0.0,12.0
2025-08-04,politics,,,-0.9952,1.0,0.0,12.857142857142858
2025-08-10,politics,-0.5613,1.0,,,,18.0
2025-08-12,politics,,,-0.9974,1.0,0.0,17.142857142857142
2025-08-13,politics,0.9666,1.0,-0.772,2.0,0.0,16.714285714285715
2025-08-14,politics,-0.989,1.0,-0.9359,1.0,0.0,16.285714285714285
2025-08-15,politics,-0.9934,1.0,-0.9754,1.0,0.0,15.857142857142858
2025-08-17,politics,-0.8886,1.0,,,,15.0
2025-08-18,politics,-0.0824,1.0,,,,14.714285714285714
2025-08-20,politics,0.8662,1.0,0.9965,1.0,0.0,14.142857142857142
2025-08-21,politics,0.9747,1.0,,,,13.857142857142858
2025-08-23,politics,,,0.9897,1.0,0.0,13.285714285714286
2025-08-28,politics,0.887,1.0,,,,13.0
2025-08-29,politics,-0.7291,1.0,,,,13.0
2025-09-02,politics,0.5743,1.0,,,,13.857142857142858
2025-09-03,politics,-0.7252000000000001,2.0,,,,14.285714285714285
2025-09-04,politics,-0.33390000000000003,3.0,,,,14.714285714285714
2025-09-05,politics,0.9731,1.0,,,,15.142857142857142
2025-09-08,politics,0.8178,1.0,,,,17.0
2025-09-09,politics,0.9233333333333333,3.0,,,,18.0
2025-09-10,politics,-0.08205000000000001,2.0,,,,19.0
2025-09-11,politics,-0.7884,1.0,-0.9932,1.0,0.0,20.0
2025-09-14,politics,0.4454,1.0,,,,23.0
2025-09-15,politics,,,0.9997,1.0,0.0,26.571428571428573
2025-09-16,politics,-0.98325,2.0,,,,30.142857142857142
2025-09-17,politics,0.39233333333333337,3.0,,,,33.714285714285715
2025-09-18,politics,0.0995,1.0,,,,37.285714285714285
2025-09-19,politics,,,-0.9842,1.0,0.0,40.85714285714286
2025-09-21,politics,-0.0039499999999999535,2.0,,,,48.0
2025-09-25,politics,-0.21725,2.0,,,,26.285714285714285
2025-09-28,politics,0.9964,1.0,,,,10.0
2025-09-29,politics,-0.4485,1.0,,,,10.142857142857142
2025-09-30,politics,0.9305,1.0,,,,10.285714285714286
2025-10-01,politics,0.726,2.0,,,,10.428571428571429
2025-10-02,politics,0.6128750000000001,4.0,,,,10.571428571428571
2025-10-03,politics,-0.267,3.0,-0.8507,1.0,0.0,10.714285714285714
2025-10-04,politics,0.04805000000000001,4.0,,,,10.857142857142858
2025-10-05,politics,-0.7172,1.0,,,,11.0
2025-10-07,politics,0.45194,5.0,,,,11.0
2025-10-08,politics,0.08707500000000001,4.0,-0.0005999999999999894,2.0,0.0,11.0
2025-10-11,politics,0.7738,1.0,,,,11.0
2025-10-13,politics,-0.2193,2.0,0.9969,1.0,0.0,11.857142857142858
2025-10-14,politics,0.9246,1.0,,,,12.714285714285714
2025-10-16,politics,-0.65705,2.0,,,,14.428571428571429
2025-10-17,politics,0.837,1.0,,,,15.285714285714285
2025-10-19,politics,0.18729999999999997,2.0,,,,17.0
2025-10-20,politics,0.0506,1.0,,,,16.571428571428573
2025-10-22,politics,-0.8644499999999999,2.0,-0.9947,1.0,0.0,15.714285714285715
2025-10-23,politics,0.08739999999999998,2.0,,,,15.285714285714286
2025-10-24,politics,0.7525,1.0,,,,14.857142857142858
2025-10-26,politics,0.7517333333333333,3.0,,,,14.0
2025-10-27,politics,-0.7337,1.0,,,,13.571428571428571
2025-10-29,politics,0.8628,1.0,,,,12.714285714285715
2025-10-31,politics,0.0111,1.0,,,,11.857142857142858
2025-11-02,politics,0.9832,1.0,,,,11.0
2025-11-03,politics,0.9148000000000001,2.0,,,,11.285714285714286
2025-11-04,politics,-0.8685,2.0,0.9461,1.0,0.0,11.571428571428571
2025-11-06,politics,-0.5116499999999999,2.0,0.9927,1.0,0.0,12.142857142857142
2025-11-07,politics,0.8609,2.0,,,,12.428571428571429
2025-11-08,politics,-0.9893,1.0,-0.9827,1.0,0.0,12.714285714285714
2025-11-09,politics,0.9929,1.0,,,,13.0
2025-11-10,politics,0.6688000000000001,2.0,,,,12.857142857142858
2025-11-11,politics,-0.007566666666666648,3.0,,,,12.714285714285714
2025-11-13,politics,0.955,1.0,0.8763,1.0,0.0,12.428571428571429
2025-11-14,politics,0.4722,1.0,,,,12.285714285714286
2025-11-15,politics,0.3622,1.0,,,,12.142857142857142
2025-11-16,politics,0.22865,2.0,,,,12.0
2025-11-17,politics,0.30385,2.0,,,,12.0
2025-11-18,politics,0.92165,2.0,,,,12.0
2025-11-19,politics,,,0.9666,1.0,0.0,12.0
2025-11-20,politics,0.25975000000000004,2.0,,,,12.0
2025-11-23,politics,-0.8,1.0,,,,12.0
2025-11-24,politics,0.8781,1.0,-0.405,1.0,0.0,11.857142857142858
2025-11-25,politics,0.8456,2.0,,,,11.714285714285714
2025-11-27,politics,,,0.998,1.0,0.0,11.428571428571429
2025-11-28,politics,-0.40297499999999997,4.0,,,,11.285714285714286
2025-11-29,politics,0.29355000000000003,2.0,,,,11.142857142857142
2025-12-01,politics,-0.9513,1.0,,,,11.142857142857142
2025-12-02,politics,-0.07365,2.0,-0.82675,2.0,0.0,11.285714285714286
2025-12-04,politics,0.7533,1.0,,,,11.571428571428571
2025-12-05,politics,0.25506666666666666,3.0,,,,11.714285714285714
2025-12-06,politics,0.5748500000000001,2.0,-0.9466,1.0,0.0,11.857142857142858
2025-12-08,politics,0.5696,1.0,,,,12.0
2025-12-09,politics,0.013149999999999995,2.0,,,,12.0
2025-12-10,politics,,,-0.996,1.0,0.0,12.0
2025-12-13,politics,-0.23695,2.0,-0.9961,1.0,0.0,12.0
2025-12-14,politics,-0.9125,1.0,,,,12.0
2025-12-17,politics,-0.026300000000000018,3.0,,,,11.571428571428571
2025-12-19,politics,0.366475,4.0,-0.9977,1.0,0.0,11.285714285714286
2025-12-21,politics,0.16625000000000004,2.0,,,,11.0
2025-12-22,politics,0.6943,3.0,,,,11.142857142857142
2025-12-23,politics,0.16385000000000002,2.0,,,,11.285714285714286
2025-12-24,politics,0.4666,1.0,,,,11.428571428571429
2025-12-25,politics,0.73725,2.0,,,,11.571428571428571
2025-12-26,politics,0.31803333333333333,3.0,,,,11.714285714285714
2025-12-28,politics,0.0714,1.0,,,,12.0
2025-12-29,politics,0.0426,2.0,,,,12.142857142857142
2025-12-30,politics,0.12209999999999999,2.0,,,,12.285714285714286
2026-01-01,politics,0.9204,1.0,,,,12.571428571428571
2026-01-02,politics,0.14005,2.0,,,,12.714285714285714
2026-01-03,politics,0.8551,1.0,,,,12.857142857142858
2026-01-04,politics,,,-0.2185,1.0,0.0,13.0
2026-01-06,politics,-0.291,1.0,,,,13.285714285714286
2026-01-07,politics,0.6102666666666666,3.0,,,,13.428571428571429
2026-01-08,politics,0.36550000000000005,4.0,,,,13.571428571428571
2026-01-10,politics,0.469,1.0,,,,13.857142857142858
2026-01-11,politics,-0.5285500000000001,2.0,,,,14.0
2026-01-14,politics,,,-0.8155,1.0,0.0,13.571428571428571
2026-01-15,politics,0.3714,5.0,,,,13.428571428571429
2026-01-17,politics,-0.020657142857142867,7.0,0.9636,1.0,0.0,13.142857142857142
2026-01-18,politics,0.5256333333333333,6.0,,,,13.0
2026-01-19,politics,0.20587499999999997,4.0,,,,12.857142857142858
2026-01-20,politics,-0.40594,5.0,,,,12.714285714285714
2026-01-21,politics,0.08444999999999997,4.0,,,,12.571428571428571
2026-01-22,politics,-0.7047,2.0,,,,12.428571428571429
2026-01-23,politics,0.077225,8.0,,,,12.285714285714286
2026-01-24,politics,-0.1055,4.0,,,,12.142857142857142
2026-01-25,politics,0.025749999999999995,4.0,,,,12.0
2026-01-26,politics,0.774025,4.0,,,,12.142857142857142
2026-01-27,politics,-0.8827400000000001,5.0,,,,12.285714285714286
2026-01-28,politics,-0.9369,1.0,,,,12.428571428571429
2026-01-29,politics,0.12374999999999997,2.0,0.9921,1.0,0.0,12.571428571428571
2026-01-30,politics,0.5654666666666667,3.0,,,,12.714285714285714
2026-01-31,politics,-0.70475,2.0,,,,12.857142857142858
2026-02-01,politics,0.9817,1.0,,,,13.0
2026-02-02,politics,-0.9337,1.0,,,,13.285714285714286
2026-02-03,politics,0.09129999999999999,2.0,,,,13.571428571428571
2026-02-04,politics,0.23947500000000002,4.0,,,,13.857142857142858
2026-02-05,politics,0.2841,2.0,-0.8011,1.0,0.0,14.142857142857142
2026-02-06,politics,-0.02856666666666664,3.0,,,,14.428571428571429
2026-02-07,politics,0.32482500000000003,4.0,,,,14.714285714285714
2026-02-08,politics,-0.09527499999999997,4.0,,,,15.0
2026-02-09,politics,-0.02839999999999998,2.0,0.9872,1.0,0.0,14.428571428571429
2026-02-10,politics,-0.9267,2.0,,,,13.857142857142858
2026-02-11,politics,-0.2343125,8.0,0.9938,1.0,0.0,13.285714285714286
2026-02-12,politics,0.37043333333333334,3.0,,,,12.714285714285715
2026-02-13,politics,0.331,3.0,0.9639,1.0,0.0,12.142857142857142
2026-02-14,politics,-0.2623666666666667,3.0,,,,11.571428571428571
2026-02-15,politics,-0.9519333333333333,3.0,,,,11.0
2026-02-16,politics,-0.72355,2.0,,,,10.857142857142858
2026-02-17,politics,0.9665,1.0,,,,10.714285714285714
2026-02-18,politics,-0.8896,1.0,,,,10.571428571428571
2026-02-19,politics,-0.40305,2.0,,,,10.428571428571429
2026-02-20,politics,0.43255000000000005,2.0,0.9711,1.0,0.0,10.285714285714286
2026-02-21,politics,-0.57235,4.0,,,,10.142857142857142
2026-02-22,politics,0.2091,4.0,,,,10.0
2026-02-23,politics,-0.39770000000000005,5.0,,,,10.0
2026-02-24,politics,0.7224,1.0,-0.9883,1.0,0.0,10.0
2026-02-25,politics,0.9336,2.0,,,,10.0
2026-02-26,politics,0.07903333333333333,3.0,-0.9959,1.0,0.0,10.0
2026-02-27,politics,,,0.7179,1.0,0.0,10.0
2026-02-28,politics,0.636925,4.0,-0.09523333333333338,3.0,0.0,10.0
2026-03-01,politics,-0.8597,2.0,,,,10.0
2026-03-02,politics,-0.8475,1.0,,,,10.0
2026-03-03,politics,0.25325714285714285,7.0,,,,10.0
2026-03-04,politics,0.6483,2.0,-0.020449999999999968,2.0,0.0,10.0
2026-03-05,politics,0.2157,3.0,,,,10.0
2026-03-06,politics,0.036449999999999996,2.0,,,,10.0
2026-03-07,politics,-0.664,1.0,,,,10.0
2026-03-09,politics,0.3242,2.0,-0.9802,1.0,0.0,10.0
2026-03-11,politics,0.1989,4.0,,,,10.0
2026-03-12,politics,0.08594000000000002,5.0,,,,10.0
2026-03-13,politics,-0.5590333333333333,3.0,,,,10.0
2026-03-14,politics,-0.06824999999999998,2.0,,,,10.0
2026-03-15,politics,0.5816166666666667,6.0,,,,10.0
2026-03-16,politics,0.30245,4.0,,,,10.142857142857142
2026-03-17,politics,0.46715,2.0,,,,10.285714285714286
2026-03-18,politics,0.15855,2.0,,,,10.428571428571429
2026-03-19,politics,0.5216,3.0,,,,10.571428571428571
2026-03-20,politics,-0.02174999999999999,2.0,,,,10.714285714285714
2026-03-21,politics,-0.012550000000000006,2.0,,,,10.857142857142858
2026-03-22,politics,0.76895,2.0,,,,11.0
2026-03-23,politics,0.10544999999999999,2.0,,,,11.428571428571429
2026-03-24,politics,-0.05114999999999997,2.0,,,,11.857142857142858
2026-03-25,politics,0.245,2.0,,,,12.285714285714285
2026-03-26,politics,0.2946,2.0,,,,12.714285714285714
2026-03-27,politics,0.264075,4.0,,,,13.142857142857142
2026-03-29,politics,-0.03125,2.0,,,,14.0
2026-03-30,politics,0.9202,3.0,,,,
2026-03-31,politics,-0.08276666666666667,3.0,,,,
2026-04-01,politics,0.15050000000000002,4.0,,,,
2026-04-02,politics,0.26644999999999996,6.0,,,,
2026-04-03,politics,-0.6305000000000001,2.0,,,,
2026-04-04,politics,-0.55105,4.0,,,,
2026-04-05,politics,0.31820000000000004,4.0,,,,
2026-04-06,politics,-0.31270000000000003,6.0,,,,
2026-04-07,politics,0.9129666666666667,3.0,-0.9308,1.0,0.0,
2026-04-08,politics,-0.0853,5.0,,,,
2026-04-09,politics,-0.035866666666666665,3.0,,,,
2026-04-10,politics,-0.11557142857142857,7.0,,,,
2026-04-11,politics,-0.032350000000000045,2.0,,,,
2026-04-12,politics,0.42029999999999995,12.0,,,,
2026-04-13,politics,0.9783,1.0,,,,
2026-04-14,politics,0.9572,1.0,,,,
2026-04-15,politics,0.2873,3.0,,,,
2026-04-16,politics,0.25534999999999997,4.0,,,,
2026-04-17,politics,0.1875,4.0,,,,
2026-04-18,politics,0.55675,4.0,,,,
2026-04-19,politics,0.35522,5.0,,,,
2026-04-20,politics,0.50012,5.0,,,,
2026-04-21,politics,0.4387833333333333,6.0,-0.9633,1.0,0.0,
2026-04-22,politics,0.35202,10.0,,,,
2026-04-23,politics,-0.14335,4.0,,,,
2026-04-24,politics,0.4285333333333334,3.0,,,,
2026-04-25,politics,0.044837500000000016,8.0,,,,
2026-04-26,politics,0.29473333333333335,6.0,,,,
2026-04-27,politics,0.4106,3.0,,,,
2026-04-28,politics,0.27654,10.0,,,,
2026-04-29,politics,-0.09677499999999997,4.0,,,,
2026-04-30,politics,0.1581,3.0,,,,
2026-05-01,politics,0.6828500000000001,6.0,,,,
2026-05-02,politics,0.2961571428571429,7.0,-0.9903,1.0,0.0,
2026-05-03,politics,0.3376,5.0,,,,
2026-05-04,politics,-0.26530000000000004,3.0,,,,
2026-05-05,politics,0.20578000000000002,10.0,,,,
2026-05-06,politics,0.5296500000000001,6.0,,,,
2026-05-07,politics,0.156825,8.0,,,,
2026-05-08,politics,0.14160000000000003,5.0,,,,
2026-05-09,politics,0.2830142857142857,7.0,,,,
2026-05-10,politics,0.8989,4.0,,,,
2026-05-11,politics,0.15496666666666667,15.0,,,,
2026-05-12,politics,-0.12986666666666666,6.0,,,,
2026-05-13,politics,-0.09038750000000001,8.0,,,,
2026-05-14,politics,-0.1513875,8.0,,,,
2026-05-15,politics,0.27542500000000003,8.0,,,,
2026-05-16,politics,0.23571250000000002,8.0,0.2564,1.0,0.0,
2026-05-17,politics,0.4181916666666667,12.0,,,,
2026-05-18,politics,0.071125,8.0,,,,
2026-05-19,politics,-0.2140142857142857,7.0,,,,
2026-05-20,politics,-0.27802499999999997,8.0,,,,
2026-05-21,politics,0.015450000000000009,10.0,,,,
2026-05-22,politics,0.2644761904761905,21.0,0.021025000000000016,4.0,0.0,
2026-05-23,politics,0.25237000000000004,10.0,,,,
2026-05-24,politics,0.36007500000000003,8.0,,,,
2026-05-25,politics,0.08113125000000002,16.0,-0.9744,1.0,0.0,
2026-05-26,politics,0.14658125,16.0,,,,
2026-05-27,politics,0.4388714285714285,7.0,,,,
2026-05-28,politics,0.35470869565217394,23.0,-0.9537,1.0,0.0,
2026-05-29,politics,0.4567,14.0,0.9735,1.0,0.0,
2026-05-30,politics,-0.006466666666666658,9.0,-0.9283,1.0,0.0,
2026-05-31,politics,0.2833583333333333,12.0,,,,
2026-06-01,politics,0.286862962962963,27.0,-0.9963,1.0,0.0,
2026-06-02,politics,0.22023030303030303,33.0,,,,
2026-06-03,politics,0.17862272727272727,22.0,,,,
2026-06-04,politics,0.32377142857142854,21.0,,,,
2026-06-05,politics,0.34537999999999996,15.0,0.9961,1.0,0.0,
2026-06-06,politics,0.1616842105263158,19.0,-0.9987,1.0,0.0,
2026-06-07,politics,0.35722000000000004,55.0,,,,
2026-06-08,politics,0.10405789473684211,57.0,,,,
2026-06-09,politics,-0.01594666666666667,30.0,-0.4951,1.0,0.0,
2026-06-10,politics,-0.15138285714285715,35.0,,,,
2026-06-11,politics,0.031232203389830508,59.0,0.9139,1.0,0.0,
2026-06-12,politics,0.03486363636363636,44.0,,,,
2026-06-13,politics,0.18489411764705882,34.0,,,,
2026-06-14,politics,0.12104444444444444,36.0,,,,
2026-06-15,politics,0.2366149253731343,67.0,0.9872,1.0,0.0,
2026-06-16,politics,0.1087669642857143,112.0,,,,
2026-06-17,politics,-0.03354939759036145,166.0,,,,
2026-06-18,politics,-0.09511725888324873,197.0,,,,
2026-06-19,politics,-0.11078701754385965,570.0,,,,
2026-06-20,politics,-0.18908478260869566,46.0,,,,
