topic,news_sentiment,news_volume,eksi_sentiment,eksi_volume,avg_favorites,google_trends,date
economy,,,-0.821,1.0,0.0,34.285714285714285,2024-01-29
economy,,,-0.09389999999999998,2.0,0.0,30.0,2024-02-05
economy,0.7797,1.0,0.4876,1.0,0.0,18.714285714285715,2024-02-12
economy,,,-0.21035000000000004,4.0,0.0,20.428571428571427,2024-02-19
economy,0.2767,2.0,0.996,1.0,0.0,43.0,2024-02-26
economy,0.3088666666666667,3.0,0.935,1.0,0.0,39.714285714285715,2024-03-04
economy,0.9853,1.0,-0.15172857142857143,7.0,0.0,25.428571428571427,2024-03-11
economy,,,-0.8407666666666667,3.0,0.0,26.142857142857142,2024-03-18
economy,,,-0.39337500000000003,4.0,0.0,48.142857142857146,2024-03-25
economy,,,0.47945000000000004,2.0,0.0,40.57142857142857,2024-04-01
economy,,,-0.21480000000000005,2.0,0.0,27.0,2024-04-08
economy,-0.8036,1.0,-0.27685714285714286,14.0,0.0,28.857142857142858,2024-04-15
economy,0.1258,1.0,-0.5411666666666667,3.0,0.0,56.0,2024-04-22
economy,0.856725,4.0,-0.74215,4.0,0.0,51.285714285714285,2024-04-29
economy,0.39946666666666664,3.0,-0.7131857142857143,7.0,0.0,29.142857142857142,2024-05-06
economy,0.2333,1.0,-0.6311333333333333,6.0,0.0,23.0,2024-05-13
economy,,,-0.8983,6.0,0.0,23.428571428571427,2024-05-20
economy,,,-0.53785,4.0,0.0,51.142857142857146,2024-05-27
economy,0.66665,2.0,0.021928571428571426,7.0,0.0,43.142857142857146,2024-06-03
economy,-0.032166666666666656,3.0,-0.8595,1.0,0.0,19.571428571428573,2024-06-10
economy,-0.2301,1.0,-0.07410000000000001,3.0,0.0,23.857142857142858,2024-06-17
economy,0.7209666666666666,3.0,-0.19915999999999998,5.0,0.0,62.714285714285715,2024-06-24
economy,0.9634499999999999,2.0,0.2456125,8.0,0.0,52.0,2024-07-01
economy,0.9218666666666667,3.0,-0.998,2.0,0.0,20.428571428571427,2024-07-08
economy,0.8266,1.0,-0.28048,5.0,0.0,17.571428571428573,2024-07-15
economy,0.3398333333333334,3.0,-0.5354,4.0,0.0,22.0,2024-07-22
economy,0.9353,1.0,-0.9911,3.0,0.0,44.42857142857143,2024-07-29
economy,,,-0.32725,8.0,0.0,45.857142857142854,2024-08-05
economy,0.872,2.0,-0.6591,6.0,0.0,34.285714285714285,2024-08-12
economy,,,-0.8351000000000001,6.0,0.0,27.285714285714285,2024-08-19
economy,-0.1062,3.0,-0.9509333333333334,3.0,0.0,45.857142857142854,2024-08-26
economy,-0.6527333333333334,3.0,-0.9972,2.0,0.0,40.714285714285715,2024-09-02
economy,-0.2364,1.0,-0.9702000000000001,3.0,0.0,19.428571428571427,2024-09-09
economy,-0.5378333333333334,3.0,-0.37060000000000004,8.0,0.0,15.428571428571429,2024-09-16
economy,-0.0751,2.0,-0.9711,3.0,0.0,39.57142857142857,2024-09-23
economy,0.030307692307692327,13.0,-0.33652,5.0,0.0,37.42857142857143,2024-09-30
economy,0.400075,4.0,-0.37504,5.0,0.0,19.714285714285715,2024-10-07
economy,-0.40571999999999997,5.0,-0.38949999999999996,2.0,0.0,18.0,2024-10-14
economy,-0.07606666666666667,3.0,-0.46259999999999996,3.0,0.0,21.428571428571427,2024-10-21
economy,-0.16474999999999998,4.0,-0.2048125,8.0,0.0,52.57142857142857,2024-10-28
economy,0.08216666666666667,3.0,-0.9431,2.0,0.0,52.285714285714285,2024-11-04
economy,0.6121,3.0,-0.579825,4.0,0.0,30.285714285714285,2024-11-11
economy,,,-0.9968,1.0,0.0,22.571428571428573,2024-11-18
economy,-0.20600000000000002,2.0,-0.8441,4.0,0.0,53.142857142857146,2024-11-25
economy,0.9422999999999999,4.0,-0.44887499999999997,4.0,0.0,47.714285714285715,2024-12-02
economy,0.9390499999999999,2.0,-0.36966666666666664,3.0,0.0,31.857142857142858,2024-12-09
economy,,,-0.512675,4.0,0.0,44.42857142857143,2024-12-16
economy,0.8329,1.0,-0.7107428571428571,7.0,0.0,70.57142857142857,2024-12-23
economy,0.0722,3.0,-0.559625,4.0,0.0,51.142857142857146,2024-12-30
economy,0.250525,4.0,-0.9008428571428572,7.0,0.0,22.714285714285715,2025-01-06
economy,0.2261,2.0,-0.7066250000000001,8.0,0.0,18.714285714285715,2025-01-13
economy,-0.123,1.0,-0.60046,5.0,0.0,19.285714285714285,2025-01-20
economy,0.9211,1.0,-0.9959000000000001,3.0,0.0,35.285714285714285,2025-01-27
economy,-0.09563333333333335,3.0,-0.6991499999999999,4.0,0.0,30.571428571428573,2025-02-03
economy,0.4024,1.0,-0.24405000000000002,6.0,0.0,17.285714285714285,2025-02-10
economy,-0.4324,2.0,-0.6584666666666666,6.0,0.0,17.714285714285715,2025-02-17
economy,0.3209666666666667,3.0,,,,38.42857142857143,2025-02-24
economy,0.4093,2.0,-0.3165,3.0,0.0,34.142857142857146,2025-03-03
economy,0.8946,1.0,-0.3901333333333333,3.0,0.0,18.285714285714285,2025-03-10
economy,-0.08325000000000005,2.0,-0.2638,6.0,0.0,17.0,2025-03-17
economy,0.4867333333333333,3.0,0.8709,1.0,0.0,41.57142857142857,2025-03-24
economy,,,0.813,2.0,0.0,39.42857142857143,2025-03-31
economy,-0.010450000000000015,2.0,-0.08936666666666666,6.0,0.0,24.0,2025-04-07
economy,-0.7564666666666667,3.0,-0.33676666666666666,3.0,0.0,21.714285714285715,2025-04-14
economy,0.9692,1.0,-0.814,1.0,0.0,27.428571428571427,2025-04-21
economy,0.4578,1.0,-0.46582500000000004,4.0,0.0,45.57142857142857,2025-04-28
economy,0.012800000000000008,6.0,-0.46803333333333336,6.0,0.0,35.57142857142857,2025-05-05
economy,-0.16324999999999998,4.0,-0.39438,5.0,0.0,20.428571428571427,2025-05-12
economy,-0.06255,2.0,-0.41254444444444444,9.0,0.0,20.571428571428573,2025-05-19
economy,-0.9568,1.0,-0.35370000000000007,3.0,0.0,50.714285714285715,2025-05-26
economy,0.41529230769230774,13.0,-0.2,4.0,0.0,45.0,2025-06-02
economy,-0.9913,1.0,-0.5100809523809524,21.0,0.0,23.428571428571427,2025-06-09
economy,-0.2217,3.0,-0.609,6.0,0.0,25.857142857142858,2025-06-16
economy,0.393675,4.0,-0.04115000000000002,6.0,0.0,69.14285714285714,2025-06-23
economy,0.4001,4.0,-0.2348727272727273,11.0,0.0,50.857142857142854,2025-06-30
economy,-0.29479999999999995,4.0,-0.39095,14.0,0.0,17.428571428571427,2025-07-07
economy,-0.124775,4.0,-0.6564125,8.0,0.0,16.571428571428573,2025-07-14
economy,0.9336666666666668,3.0,-0.13246000000000002,5.0,0.0,15.142857142857142,2025-07-21
economy,0.19026666666666667,3.0,-0.38055,8.0,0.0,25.714285714285715,2025-07-28
economy,0.32786666666666664,3.0,-0.6704,6.0,0.0,23.857142857142858,2025-08-04
economy,0.7822999999999999,3.0,-0.822675,4.0,0.0,15.285714285714286,2025-08-11
economy,-0.21333333333333335,3.0,-0.6064470588235293,68.0,0.0,17.428571428571427,2025-08-18
economy,0.9022,3.0,-0.029383333333333355,6.0,0.0,34.285714285714285,2025-08-25
economy,0.5886857142857143,7.0,-0.4149933333333333,15.0,0.0,27.857142857142858,2025-09-01
economy,0.03983333333333333,6.0,-0.4278666666666667,3.0,0.0,13.285714285714286,2025-09-08
economy,-0.21082499999999998,4.0,-0.94225,2.0,0.0,12.0,2025-09-15
economy,-0.08636666666666669,3.0,-0.37666666666666665,3.0,0.0,33.714285714285715,2025-09-22
economy,0.9571,1.0,-0.5548071428571428,14.0,0.0,32.857142857142854,2025-09-29
economy,0.07114999999999999,4.0,,,,18.285714285714285,2025-10-06
economy,-0.37028,5.0,-0.7663066666666667,15.0,0.0,18.142857142857142,2025-10-13
economy,0.5222800000000001,5.0,-0.77686,10.0,0.0,20.142857142857142,2025-10-20
economy,0.27264,5.0,-0.09739999999999997,6.0,0.0,45.0,2025-10-27
economy,0.98915,2.0,-0.5636176470588236,17.0,0.0,37.285714285714285,2025-11-03
economy,0.5512,4.0,-0.4839,11.0,0.0,18.0,2025-11-10
economy,0.77296,5.0,-0.3376333333333333,6.0,0.0,19.714285714285715,2025-11-17
economy,0.15206666666666666,6.0,-0.39541,10.0,0.0,53.0,2025-11-24
economy,0.26836666666666664,3.0,-0.31854000000000005,5.0,0.0,47.285714285714285,2025-12-01
economy,0.48593571428571425,14.0,-0.44261818181818186,11.0,0.0,22.714285714285715,2025-12-08
economy,-0.3600666666666667,3.0,-0.4301111111111111,9.0,0.0,27.285714285714285,2025-12-15
economy,0.5043357142857142,14.0,-0.4650875,8.0,0.0,32.57142857142857,2025-12-22
economy,0.18986666666666666,3.0,-0.76266,5.0,0.0,49.57142857142857,2025-12-29
economy,0.5654444444444445,9.0,-0.21614444444444444,9.0,0.0,35.714285714285715,2026-01-05
economy,-0.050068749999999995,16.0,-0.21659411764705883,17.0,0.0,14.285714285714286,2026-01-12
economy,0.34790000000000004,26.0,-0.1702777777777778,9.0,0.0,14.714285714285714,2026-01-19
economy,0.35374999999999995,14.0,-0.7642181818181818,11.0,0.0,28.0,2026-01-26
economy,0.027142857142857142,21.0,-0.4232142857142857,7.0,0.0,25.0,2026-02-02
economy,0.1992,13.0,-0.3569166666666666,6.0,0.0,12.571428571428571,2026-02-09
economy,0.12214736842105262,19.0,-0.6203785714285714,14.0,0.0,10.571428571428571,2026-02-16
economy,-0.10771904761904763,21.0,-0.08800000000000001,3.0,0.0,27.0,2026-02-23
economy,0.355472972972973,37.0,-0.6177461538461538,13.0,0.0,23.571428571428573,2026-03-02
economy,0.4104,29.0,-0.5112111111111112,9.0,0.0,11.428571428571429,2026-03-09
economy,0.42060000000000003,10.0,-0.7759777777777778,9.0,0.0,14.428571428571429,2026-03-16
economy,0.14541199999999999,25.0,-0.7349428571428572,14.0,0.0,41.57142857142857,2026-03-23
economy,0.17174347826086955,46.0,0.2447,6.0,0.0,,2026-03-30
economy,0.3371071428571429,28.0,-0.30260000000000004,9.0,0.0,,2026-04-06
economy,0.33866153846153846,39.0,-0.6722333333333333,6.0,0.0,,2026-04-13
economy,0.35456315789473686,57.0,-0.7160076923076922,13.0,0.0,,2026-04-20
economy,0.27966612903225807,62.0,-0.57342,10.0,0.0,,2026-04-27
economy,0.2979523076923077,65.0,-0.0669222222222222,9.0,0.0,,2026-05-04
economy,0.09222272727272728,44.0,-0.5088199999999999,10.0,0.0,,2026-05-11
economy,0.14153711340206185,97.0,-0.4364,5.0,0.0,,2026-05-18
economy,0.2488929203539823,113.0,-0.31225,8.0,0.0,,2026-05-25
economy,0.3171434163701068,281.0,-0.39191875,16.0,0.0,,2026-06-01
economy,0.2661208201892744,317.0,-0.6175333333333334,15.0,0.0,,2026-06-08
economy,0.2479764427625355,1057.0,-0.34886666666666666,3.0,0.0,,2026-06-15
national,-0.1305,1.0,,,,56.42857142857143,2024-01-22
national,-0.8167,1.0,-0.995,1.0,0.0,40.285714285714285,2024-01-29
national,-0.091175,4.0,0.8273333333333334,3.0,0.0,34.57142857142857,2024-02-05
national,,,-0.7678,1.0,0.0,31.857142857142858,2024-02-12
national,0.9785,1.0,-0.8683000000000001,2.0,0.0,32.857142857142854,2024-02-19
national,0.9907,1.0,,,,70.85714285714286,2024-02-26
national,,,0.7502500000000001,2.0,0.0,62.857142857142854,2024-03-04
national,0.9835,1.0,,,,31.571428571428573,2024-03-11
national,,,0.2551,2.0,0.0,27.857142857142858,2024-03-18
national,,,0.8915333333333333,3.0,0.0,20.142857142857142,2024-04-01
national,0.8865333333333334,3.0,0.4382,1.0,0.0,47.714285714285715,2024-04-08
national,-0.41305,4.0,,,,46.57142857142857,2024-04-15
national,0.28696666666666665,3.0,,,,23.857142857142858,2024-04-22
national,,,-0.2266,1.0,0.0,17.714285714285715,2024-04-29
national,-0.0021,1.0,0.8179,1.0,0.0,15.428571428571429,2024-05-06
national,0.9119,1.0,,,,17.857142857142858,2024-05-13
national,,,-0.9863,1.0,0.0,20.0,2024-05-20
national,,,-0.9709,1.0,0.0,18.857142857142858,2024-05-27
national,,,0.7105,1.0,0.0,19.142857142857142,2024-06-03
national,0.9498,1.0,,,,18.285714285714285,2024-06-10
national,0.3574,3.0,0.9278,1.0,0.0,30.142857142857142,2024-06-17
national,-0.5154666666666666,3.0,0.2324,1.0,0.0,25.142857142857142,2024-06-24
national,-0.4921,1.0,0.3606,2.0,0.0,23.142857142857142,2024-07-01
national,0.6777,2.0,,,,30.0,2024-07-08
national,0.2313,1.0,,,,30.571428571428573,2024-07-15
national,-0.4412,1.0,0.8572000000000001,3.0,0.0,25.571428571428573,2024-07-29
national,,,-0.7779499999999999,4.0,0.0,37.57142857142857,2024-08-05
national,-0.34,3.0,-0.3273,3.0,0.0,33.142857142857146,2024-08-12
national,-0.75095,2.0,-0.5514,1.0,0.0,19.285714285714285,2024-08-19
national,0.1772,1.0,,,,21.857142857142858,2024-08-26
national,0.4292,2.0,0.040700000000000014,2.0,0.0,21.285714285714285,2024-09-02
national,0.6284,2.0,-0.16786666666666664,3.0,0.0,15.857142857142858,2024-09-09
national,0.01739999999999997,2.0,-0.3651,2.0,0.0,14.428571428571429,2024-09-16
national,-0.22205,4.0,-0.49266000000000004,5.0,0.0,8.285714285714286,2024-09-23
national,0.596,1.0,0.3563,3.0,0.0,4.0,2024-09-30
national,0.1829,1.0,-0.9967,1.0,0.0,13.142857142857142,2024-10-07
national,-0.4647,1.0,-0.7788999999999999,5.0,0.0,10.857142857142858,2024-10-14
national,-0.00366666666666667,3.0,-0.0014500000000000068,2.0,0.0,6.857142857142857,2024-10-21
national,0.9948,1.0,-0.6424,2.0,0.0,7.285714285714286,2024-10-28
national,,,0.5454,1.0,0.0,6.571428571428571,2024-11-04
national,-0.2388,2.0,-0.7823500000000001,2.0,0.0,4.714285714285714,2024-11-11
national,-0.224,1.0,0.9507,1.0,0.0,5.285714285714286,2024-11-18
national,0.626725,4.0,-0.02284999999999998,2.0,0.0,5.857142857142857,2024-11-25
national,-0.08396,5.0,-0.8728,2.0,0.0,4.428571428571429,2024-12-02
national,0.41245,4.0,-0.003975000000000006,4.0,0.0,4.571428571428571,2024-12-09
national,,,-0.20166666666666666,3.0,0.0,4.428571428571429,2024-12-16
national,0.20526666666666663,3.0,0.8005,2.0,0.0,4.571428571428571,2024-12-23
national,,,-0.30250000000000005,3.0,0.0,5.571428571428571,2024-12-30
national,-0.7635,1.0,-0.80225,4.0,0.0,4.285714285714286,2025-01-06
national,0.9336,1.0,-0.9701,1.0,0.0,5.285714285714286,2025-01-13
national,0.2919333333333333,3.0,-0.9409000000000001,2.0,0.0,6.428571428571429,2025-01-20
national,,,-0.9908,1.0,0.0,10.0,2025-01-27
national,-0.42915000000000003,2.0,-0.06442500000000001,8.0,0.0,9.571428571428571,2025-02-03
national,0.36724999999999997,2.0,0.11882499999999999,8.0,0.0,8.714285714285714,2025-02-10
national,0.33504999999999996,2.0,-0.9617666666666667,3.0,0.0,6.0,2025-02-17
national,0.3087,1.0,-0.98535,2.0,0.0,3.0,2025-03-03
national,,,-0.06355,2.0,0.0,2.4285714285714284,2025-03-10
national,-0.3084,1.0,0.9513,1.0,0.0,2.5714285714285716,2025-03-17
national,-0.3607,3.0,-0.9626,1.0,0.0,3.5714285714285716,2025-03-24
national,0.7618,1.0,-0.2945,1.0,0.0,3.4285714285714284,2025-03-31
national,0.34175,2.0,-0.7902,2.0,0.0,4.714285714285714,2025-04-07
national,-0.5500499999999999,2.0,-0.9141,1.0,0.0,59.714285714285715,2025-04-14
national,0.68885,4.0,0.0014562500000000062,16.0,0.0,58.857142857142854,2025-04-21
national,,,-0.377225,4.0,0.0,16.571428571428573,2025-04-28
national,,,0.0418125,8.0,0.0,16.0,2025-05-05
national,-0.2559,1.0,0.72495,2.0,0.0,18.0,2025-05-12
national,-0.4295,1.0,0.9782,1.0,0.0,9.857142857142858,2025-05-19
national,0.15826666666666664,3.0,-0.9654,1.0,0.0,12.857142857142858,2025-05-26
national,-0.9358,1.0,0.36576666666666663,3.0,0.0,11.142857142857142,2025-06-02
national,0.5619000000000001,2.0,-0.08062,5.0,0.0,4.857142857142857,2025-06-09
national,0.95685,2.0,-0.44880000000000003,6.0,0.0,4.0,2025-06-16
national,-0.43210000000000004,4.0,-0.10398333333333333,6.0,0.0,12.571428571428571,2025-06-23
national,-0.1008,5.0,0.060066666666666664,9.0,0.0,11.0,2025-06-30
national,-0.6545,2.0,-0.9987,1.0,0.0,4.428571428571429,2025-07-07
national,0.07947499999999999,4.0,-0.9531333333333333,6.0,0.0,3.4285714285714284,2025-07-14
national,0.4544153846153846,13.0,-0.97628,5.0,0.0,5.857142857142857,2025-07-21
national,0.08193999999999999,5.0,,,,5.714285714285714,2025-07-28
national,0.040610000000000014,10.0,-0.50805,4.0,0.0,28.0,2025-08-04
national,-0.029199999999999986,7.0,-0.338125,4.0,0.0,24.857142857142858,2025-08-11
national,0.302475,4.0,-0.9897,2.0,0.0,9.571428571428571,2025-08-18
national,-0.2019,3.0,0.585475,4.0,0.0,6.571428571428571,2025-08-25
national,0.29700000000000004,4.0,,,,6.857142857142857,2025-09-01
national,0.09426,5.0,-0.8096,1.0,0.0,6.142857142857143,2025-09-08
national,-0.4717333333333333,9.0,,,,8.571428571428571,2025-09-15
national,0.40726666666666667,3.0,-0.7039714285714285,7.0,0.0,21.142857142857142,2025-09-22
national,0.8321,1.0,-0.145125,4.0,0.0,17.714285714285715,2025-09-29
national,0.08443999999999999,5.0,0.9807,1.0,0.0,7.142857142857143,2025-10-06
national,0.3688875,8.0,0.15893333333333332,3.0,0.0,5.571428571428571,2025-10-13
national,-0.28196666666666664,6.0,0.025550000000000017,2.0,0.0,28.285714285714285,2025-10-20
national,0.53879,10.0,-0.410875,4.0,0.0,27.285714285714285,2025-10-27
national,-0.21556666666666666,6.0,-0.5369666666666667,3.0,0.0,15.714285714285714,2025-11-03
national,-0.20605,10.0,-0.3593578947368421,38.0,0.0,11.285714285714286,2025-11-10
national,0.20072500000000001,4.0,-0.05744999999999998,4.0,0.0,5.857142857142857,2025-11-17
national,0.050850000000000006,4.0,-0.11453333333333333,6.0,0.0,4.428571428571429,2025-11-24
national,-0.10247999999999999,5.0,-0.13029999999999997,3.0,0.0,8.0,2025-12-01
national,0.44060000000000005,6.0,0.01824999999999999,2.0,0.0,7.571428571428571,2025-12-08
national,-0.08065000000000001,8.0,,,,4.428571428571429,2025-12-15
national,0.21024444444444443,9.0,-0.3583,4.0,0.0,4.571428571428571,2025-12-22
national,0.01257368421052631,19.0,-0.17654999999999998,4.0,0.0,3.857142857142857,2025-12-29
national,0.18898235294117646,17.0,-0.18032857142857145,7.0,0.0,3.0,2026-01-05
national,0.33160588235294114,17.0,0.9997,1.0,0.0,8.142857142857142,2026-01-12
national,0.25516249999999996,8.0,-0.5901166666666667,6.0,0.0,8.571428571428571,2026-01-19
national,0.6159399999999999,10.0,-0.5888625,8.0,0.0,5.428571428571429,2026-01-26
national,0.21383000000000002,10.0,0.25561666666666666,6.0,0.0,3.857142857142857,2026-02-02
national,0.15080000000000002,11.0,-0.9908,1.0,0.0,3.5714285714285716,2026-02-09
national,0.2461818181818182,11.0,0.0010499999999999954,2.0,0.0,4.0,2026-02-16
national,-0.06910000000000001,9.0,0.3134333333333333,3.0,0.0,3.4285714285714284,2026-02-23
national,0.20095999999999997,15.0,0.327625,4.0,0.0,7.571428571428571,2026-03-02
national,0.34791,10.0,0.20265,2.0,0.0,6.428571428571429,2026-03-09
national,0.05689999999999998,9.0,0.21220000000000003,4.0,0.0,3.0,2026-03-16
national,-0.01831363636363637,22.0,0.3518,4.0,0.0,4.714285714285714,2026-03-23
national,0.24031875,16.0,0.41253333333333336,6.0,0.0,,2026-03-30
national,0.09527200000000001,25.0,,,,,2026-04-06
national,-0.15470714285714285,14.0,-0.9801,2.0,0.0,,2026-04-13
national,0.3579047619047619,21.0,0.71295,2.0,0.0,,2026-04-20
national,0.078376,25.0,-0.9318500000000001,2.0,0.0,,2026-04-27
national,-0.119868,25.0,,,,,2026-05-04
national,-0.2473257142857143,35.0,0.945,3.0,0.0,,2026-05-11
national,0.23734210526315788,57.0,-0.28192000000000006,5.0,0.0,,2026-05-18
national,0.44275106382978724,47.0,-0.012950000000000017,2.0,0.0,,2026-05-25
national,0.46199153846153845,130.0,,,,,2026-06-01
national,0.22443519553072627,179.0,0.09234999999999999,2.0,0.0,,2026-06-08
national,0.21950371900826446,726.0,0.5324,1.0,0.0,,2026-06-15
politics,0.9517,1.0,,,,1.0,2024-01-01
politics,0.9555,1.0,-0.347775,4.0,0.0,2.0,2024-01-29
politics,0.4489,1.0,0.0,2.0,0.0,2.0,2024-02-05
politics,,,-0.9878333333333332,3.0,0.0,2.0,2024-02-12
politics,0.52406,5.0,0.342,1.0,0.0,2.0,2024-02-19
politics,0.6824666666666667,6.0,-0.05620000000000003,2.0,0.0,2.5714285714285716,2024-02-26
politics,0.8426750000000001,4.0,0.9379,1.0,0.0,3.0,2024-03-04
politics,0.789275,4.0,-0.9865,1.0,0.0,3.0,2024-03-11
politics,,,-0.6342166666666667,6.0,0.0,5.285714285714286,2024-03-18
politics,,,-0.5191800000000001,5.0,0.0,60.142857142857146,2024-03-25
politics,,,-0.040049999999999975,4.0,0.0,46.285714285714285,2024-04-01
politics,0.9786,1.0,,,,3.7142857142857144,2024-04-08
politics,-0.9678,1.0,-0.6683,1.0,0.0,2.0,2024-04-15
politics,-0.0493,1.0,,,,1.4285714285714286,2024-04-22
politics,-0.38395,2.0,0.9741,2.0,0.0,1.0,2024-04-29
politics,,,-0.49733333333333335,3.0,0.0,1.0,2024-05-06
politics,0.9893,1.0,-0.9844,1.0,0.0,1.0,2024-05-13
politics,0.8677999999999999,2.0,0.9091,1.0,0.0,1.0,2024-05-20
politics,0.30813333333333337,3.0,0.332,3.0,0.0,1.0,2024-05-27
politics,0.08613333333333334,3.0,0.9731,1.0,0.0,1.0,2024-06-03
politics,,,-0.3359666666666666,3.0,0.0,0.0,2024-06-17
politics,,,-0.2905666666666667,3.0,0.0,0.5714285714285714,2024-06-24
politics,-0.07,1.0,-0.9654,1.0,0.0,1.0,2024-07-01
politics,,,0.9806,1.0,0.0,1.0,2024-07-08
politics,,,0.091675,4.0,0.0,0.42857142857142855,2024-07-15
politics,,,-0.0514,4.0,0.0,0.0,2024-07-22
politics,,,-0.9985,1.0,0.0,0.0,2024-07-29
politics,0.9936,1.0,-0.4589,1.0,0.0,0.0,2024-08-05
politics,0.75305,2.0,,,,0.0,2024-08-12
politics,,,-0.6583333333333333,3.0,0.0,0.0,2024-08-19
politics,-0.7222333333333334,3.0,-0.9936,1.0,0.0,0.0,2024-08-26
politics,,,-0.9023,3.0,0.0,0.0,2024-09-02
politics,-0.9887,1.0,-0.9783,1.0,0.0,0.0,2024-09-09
politics,-0.48856,5.0,-0.3147,2.0,0.0,0.0,2024-09-16
politics,-0.7792,2.0,-0.24584999999999999,2.0,0.0,6.285714285714286,2024-09-23
politics,-0.18768,5.0,-0.88,1.0,0.0,12.142857142857142,2024-09-30
politics,-0.01794,5.0,0.9852000000000001,2.0,0.0,15.285714285714286,2024-10-07
politics,0.8890333333333333,3.0,-0.4844,4.0,0.0,18.142857142857142,2024-10-14
politics,0.69255,2.0,0.41034,5.0,0.0,18.428571428571427,2024-10-21
politics,,,-0.1465,4.0,0.0,45.714285714285715,2024-11-04
politics,,,0.9904,1.0,0.0,12.857142857142858,2024-11-11
politics,-0.33499999999999996,3.0,-0.6325,1.0,0.0,11.428571428571429,2024-11-18
politics,0.01816000000000002,5.0,-0.6451,1.0,0.0,11.0,2024-11-25
politics,-0.7776,1.0,0.5789500000000001,2.0,0.0,10.428571428571429,2024-12-02
politics,-0.28715,2.0,0.10210000000000002,2.0,0.0,10.571428571428571,2024-12-09
politics,0.8533,2.0,-0.928,1.0,0.0,11.571428571428571,2024-12-16
politics,0.2819333333333333,3.0,0.35875,4.0,0.0,13.714285714285714,2024-12-23
politics,0.20629999999999996,3.0,-0.9782500000000001,2.0,0.0,13.285714285714286,2024-12-30
politics,0.39725714285714286,7.0,0.7893,2.0,0.0,12.571428571428571,2025-01-06
politics,0.2865333333333333,3.0,-0.6182,1.0,0.0,13.0,2025-01-13
politics,0.0016999999999999793,2.0,-0.857375,4.0,0.0,13.571428571428571,2025-01-20
politics,0.9947,1.0,0.7966,2.0,0.0,13.428571428571429,2025-01-27
politics,-0.12660000000000002,2.0,,,,13.0,2025-02-03
politics,0.29707500000000003,8.0,,,,13.571428571428571,2025-02-10
politics,0.5699799999999999,5.0,-0.2776,1.0,0.0,15.714285714285714,2025-02-17
politics,0.6999,3.0,-0.03660000000000002,2.0,0.0,14.142857142857142,2025-02-24
politics,-0.40669999999999995,2.0,0.048424999999999996,4.0,0.0,46.714285714285715,2025-03-10
politics,-0.21665,2.0,-0.5640166666666667,6.0,0.0,88.0,2025-03-17
politics,-0.03200000000000003,2.0,0.17529999999999998,5.0,0.0,54.857142857142854,2025-03-24
politics,-0.9163,1.0,0.3187,3.0,0.0,18.714285714285715,2025-03-31
politics,0.22387500000000002,8.0,-0.8977833333333334,6.0,0.0,17.0,2025-04-07
politics,0.24958,5.0,-0.03645000000000004,4.0,0.0,15.285714285714286,2025-04-14
politics,-0.2738666666666667,3.0,-0.0045499999999999985,2.0,0.0,14.0,2025-04-21
politics,0.1183,5.0,-0.3465666666666667,3.0,0.0,13.428571428571429,2025-04-28
politics,0.06735000000000002,4.0,,,,13.0,2025-05-05
politics,-0.22992857142857145,7.0,0.8509,1.0,0.0,13.0,2025-05-12
politics,0.2735142857142857,7.0,0.014550000000000007,4.0,0.0,13.571428571428571,2025-05-19
politics,0.410725,4.0,0.9956,1.0,0.0,14.0,2025-05-26
politics,0.39918,5.0,,,,16.857142857142858,2025-06-02
politics,-0.5517333333333333,3.0,0.9668,1.0,0.0,15.0,2025-06-09
politics,0.1971333333333333,3.0,,,,12.0,2025-06-16
politics,,,-0.2111,1.0,0.0,13.142857142857142,2025-06-23
politics,-0.90825,2.0,-0.8473999999999999,2.0,0.0,16.285714285714285,2025-06-30
politics,0.59164,5.0,0.85985,2.0,0.0,16.285714285714285,2025-07-07
politics,-0.15858,5.0,-0.7073333333333333,3.0,0.0,13.857142857142858,2025-07-14
politics,0.3617333333333333,6.0,,,,12.428571428571429,2025-07-21
politics,-0.062450000000000006,2.0,0.08408,5.0,0.0,12.0,2025-07-28
politics,-0.5613,1.0,-0.9952,1.0,0.0,15.428571428571429,2025-08-04
politics,-0.47609999999999997,4.0,-0.89054,5.0,0.0,16.285714285714285,2025-08-11
politics,0.5861666666666666,3.0,0.9931000000000001,2.0,0.0,13.857142857142858,2025-08-18
politics,0.07895000000000002,2.0,,,,13.0,2025-08-25
politics,-0.12924285714285716,7.0,,,,14.714285714285714,2025-09-01
politics,0.3850875,8.0,-0.9932,1.0,0.0,20.0,2025-09-08
politics,-0.0872375,8.0,0.007750000000000035,2.0,0.0,37.285714285714285,2025-09-15
politics,0.1873,3.0,,,,26.285714285714285,2025-09-22
politics,0.19121875,16.0,-0.8507,1.0,0.0,10.571428571428571,2025-09-29
politics,0.33818000000000004,10.0,-0.0005999999999999894,2.0,0.0,11.0,2025-10-06
politics,0.04793749999999999,8.0,0.9969,1.0,0.0,14.428571428571429,2025-10-13
politics,0.16713333333333333,9.0,-0.9947,1.0,0.0,15.285714285714286,2025-10-20
politics,0.28085,4.0,,,,12.285714285714286,2025-10-27
politics,0.07947000000000001,10.0,0.31870000000000004,3.0,0.0,12.142857142857142,2025-11-03
politics,0.35616000000000003,10.0,0.8763,1.0,0.0,12.428571428571429,2025-11-10
politics,0.3100714285714286,7.0,0.9666,1.0,0.0,12.0,2025-11-17
politics,0.17161111111111113,9.0,0.2965,2.0,0.0,11.428571428571429,2025-11-24
politics,0.1744,9.0,-0.8666999999999999,3.0,0.0,11.571428571428571,2025-12-01
politics,-0.13175,6.0,-0.99605,2.0,0.0,12.0,2025-12-08
politics,0.19105555555555556,9.0,-0.9977,1.0,0.0,11.428571428571429,2025-12-15
politics,0.4481,12.0,,,,11.571428571428571,2025-12-22
politics,0.298125,8.0,-0.2185,1.0,0.0,12.571428571428571,2025-12-29
politics,0.21942727272727272,11.0,,,,13.571428571428571,2026-01-05
politics,0.27034444444444444,18.0,0.07405,2.0,0.0,13.428571428571429,2026-01-12
politics,-0.06383870967741936,31.0,,,,12.428571428571429,2026-01-19
politics,-0.04102222222222223,18.0,0.9921,1.0,0.0,12.571428571428571,2026-01-26
politics,0.08037500000000002,20.0,-0.8011,1.0,0.0,14.142857142857142,2026-02-02
politics,-0.22180416666666666,24.0,0.9816333333333334,3.0,0.0,12.714285714285714,2026-02-09
politics,-0.17276249999999999,16.0,0.9711,1.0,0.0,10.428571428571429,2026-02-16
politics,0.09802941176470589,17.0,-0.25866666666666666,6.0,0.0,10.0,2026-02-23
politics,0.14236875,16.0,-0.020449999999999968,2.0,0.0,10.0,2026-03-02
politics,0.16135454545454547,22.0,-0.9802,1.0,0.0,10.0,2026-03-09
politics,0.32325294117647063,17.0,,,,10.571428571428571,2026-03-16
politics,0.15582857142857143,14.0,,,,12.714285714285714,2026-03-23
politics,0.09694615384615385,26.0,,,,,2026-03-30
politics,0.11838157894736842,38.0,-0.9308,1.0,0.0,,2026-04-06
politics,0.38963181818181813,22.0,,,,,2026-04-13
politics,0.27363809523809524,42.0,-0.9633,1.0,0.0,,2026-04-20
politics,0.31427894736842105,38.0,-0.9903,1.0,0.0,,2026-04-27
politics,0.2785837209302326,43.0,,,,,2026-05-04
politics,0.13413076923076925,65.0,0.2564,1.0,0.0,,2026-05-11
politics,0.11054861111111111,72.0,0.021025000000000016,4.0,0.0,,2026-05-18
politics,0.2537082474226804,97.0,-0.470725,4.0,0.0,,2026-05-25
politics,0.2793833333333333,192.0,-0.3329666666666667,3.0,0.0,,2026-06-01
politics,0.048051525423728814,295.0,0.20940000000000003,2.0,0.0,,2026-06-08
politics,-0.05882443868739206,1158.0,0.9872,1.0,0.0,,2026-06-15
